Title,SourceRegister,SourceOrder,SourceCell,SectionGroup,ConditionNo,ParentObligationID,LocationActivity,ProjectStage,RequirementSummary,Requirement,SourceReference,SourceDocument,ComplianceAction,PracticalImplementation,EvidenceRequired,Stakeholder,RiskRating,RiskSort,Frequency,TimingDetail,RecurrenceStart,RecurrenceEnd,DueAnchor,DueOffsetDays,DueDate,DueRule,Owner,ResponsibleRole,SupportingRoles,Status,StatusComment,ComplianceOutcome,ComplianceNotes,LastReviewed,InfoOnly,Active,HasOpenFollowUp,IsOverdue,CurrentOccurrenceKey,ExtraFields
CEMP-001,CEMP and General Requirements,6,'CEMP and General Requirements'!A6,1. Compliance Management Plan,,,,Construction,Groundwater (ambient): PFAS (28-30 Analyte ultra-trace) Groundwater (ambient) locations: - Six (6) Monitoring wells MW1 – MW6 - Four (4) Geotechnical wells GEO_MW01 – GEO_MW04 If monitoring wells are required to be decommissioned during the construc…,"Groundwater (ambient):
PFAS (28-30 Analyte ultra-trace)

Groundwater (ambient) locations:
- Six (6) Monitoring wells MW1 – MW6
- Four (4) Geotechnical wells GEO_MW01 – GEO_MW04

If monitoring wells are required to be decommissioned during the construction works, the Builder is responsible for the installation and development of replacement wells under the supervision of the Project Environmental Manager.","CMP (B) Section 9.2 Monitoring Program, Table 21, Pg 62",CMP-OMF,Water quality monitoring (groundwater / surface water),,,,,5,Quarterly,Quarterly,,,,,,,DanielBlunt@dtinfrastructure.com.au,Environmental and Sustainability Team,,Not started,,Not assessed,,,False,True,False,False,,"Source cell range: 'CEMP and General Requirements'!A6:L6
TP002 Project Stage: During construction
TP002 Responsibility: Environmental and Sustainability Team"
CEMP-002,CEMP and General Requirements,7,'CEMP and General Requirements'!A7,1. Compliance Management Plan,,,,Construction,Surface water (ambient): - PFAS (28-30 Analyte ultra-trace) Surface water (ambient) locations: - SW01 – SW12 - Monitoring locations upstream of the site may become available and opportunistic sampling may be undertaken to further inform surface wate…,"Surface water (ambient):
- PFAS (28-30 Analyte ultra-trace)

Surface water (ambient) locations:
- SW01 – SW12
- Monitoring locations upstream of the site may become available and opportunistic sampling may be undertaken to further inform surface water conditions surrounding the site.","CMP (B) Section 9.2 Monitoring Program, Table 21, Pg 62",CMP-OMF,Water quality monitoring (groundwater / surface water),,,,,5,Monthly,Monthly,,,,,,,DanielBlunt@dtinfrastructure.com.au,Environmental and Sustainability Team,,Not started,,Not assessed,,,False,True,False,False,,"Source cell range: 'CEMP and General Requirements'!A7:L7
TP002 Project Stage: During construction
TP002 Responsibility: Environmental and Sustainability Team"
CEMP-003,CEMP and General Requirements,8,'CEMP and General Requirements'!A8,1. Compliance Management Plan,,,,Post-construction,"At “Certificate of Ormeau Facility Completion” or when the Compliance Matters have ceased and the CMP is no longer required, a close out report will be provided to TMR. This report will be produced by the Builder for approval by the Contractor. Info…","At “Certificate of Ormeau Facility Completion” or when the Compliance Matters have ceased and the CMP is no longer required, a close out report will be provided to TMR. This report will be produced by the Builder for approval by the Contractor.
Information to be included in the close out report will include:
- Maps of the locations of soil reused on the project
- Records taken by the project Environmental Manager for soil reuse
- Quantity of water treated and reused on the project and where it was reused
- Analytical data to demonstrate that material was reused correctly and in accordance with this CMP
- Photographic evidence / logs of site works
- Geospatial coordinates in electronic format of any soil samples collected including soil testing data","CMP (B) Section 10 Close Out Management, Pg 68",CMP-OMF,CMP Close Out Report,,,,,5,Once,Post construction,,,Practical completion,0,,,DanielBlunt@dtinfrastructure.com.au,Environmental and Sustainability Team,,Not started,,Not assessed,,,False,True,False,False,,"Source cell range: 'CEMP and General Requirements'!A8:L8
TP002 Project Stage: Post construction
TP002 Responsibility: Environmental and Sustainability Team"
CEMP-004,CEMP and General Requirements,9,'CEMP and General Requirements'!A9,1. Compliance Management Plan,,,,Construction,A PFAS Monthly Compliance Report will be completed by the Builder and provided to Downer and TMR which will cover aspects relating to the PFAS reported onsite. The report will include information on compliance with this CMP and will detail the follo…,"A PFAS Monthly Compliance Report will be completed by the Builder and provided to Downer and TMR which will cover aspects relating to the PFAS reported onsite. The report will include information on compliance with this CMP and will detail the following information:
- Details of the inspections and audits undertaken by the Builder Environmental Manager during the month and the outcome of the inspection and audit (and whether any compliance issues were raised).
- Any documentation that was prepared or updated during the month including relevant construction methodologies.
- Construction activities undertaken in relation to the construction program and upcoming construction activities that may interact with low level concentrations of PFAS.
- Details of any environmental incidents pertaining to Compliance Matters.
- Details of any non‐conformance reports pertaining to Compliance Matters, including any corrective and preventative measures taken and whether the compliance issue has been adequately resolved.
- Material tracking information including quantities and locations of soil reused within the construction of the site and quantities of water reused or released within the site.
- Community complaints or feedback received pertaining to Compliance Matters.
- Results of monitoring data and discussion on compliance.","CMP (B) Section 9.3 Reporting and Records, Pg64",CMP-OMF,PFAS Monthly Compliance Report,,,,,5,Monthly,Monthly - due by the 5th day of each month,,,,5,,,DanielBlunt@dtinfrastructure.com.au,Environmental and Sustainability Team,,Not started,,Not assessed,,,False,True,False,False,,"Source cell range: 'CEMP and General Requirements'!A9:L9
TP002 Project Stage: During construction
TP002 Responsibility: Environmental and Sustainability Team"
CEMP-005,CEMP and General Requirements,10,'CEMP and General Requirements'!A10,1. Compliance Management Plan,,,,Construction,Monitoring data will be compiled by the Project Environmental Manager and will be available to TMR on a monthly basis.,Monitoring data will be compiled by the Project Environmental Manager and will be available to TMR on a monthly basis.,"CMP (B) Section 9.3 Reporting and Records, Pg64",CMP-OMF,"Reporting records to be kept by the Builder include:
- Weekly Environmental Inspection Reports
- Maps and records of soil reuse in permanent works
- Monthly records of water volumes reused or released on the site
- PFAS waste tracking register
- Progressive erosion and sediment control plans
- Site Supervisor daily site diary",,,,,5,Monthly,Monthly,,,,,,,DanielBlunt@dtinfrastructure.com.au,Environmental and Sustainability Team,,Not started,,Not assessed,,,False,True,False,False,,"Source cell range: 'CEMP and General Requirements'!A10:L10
TP002 Project Stage: During construction
TP002 Responsibility: Environmental and Sustainability Team"
CEMP-006,CEMP and General Requirements,11,'CEMP and General Requirements'!A11,1. Compliance Management Plan,,,,Construction,The compliance matters are managed by Downer and the Builder will be responsible to ensure that compliance matters are demonstrated and met during the construction of the QTMP project. This will be demonstrated by completing the following: - Daily c…,"The compliance matters are managed by Downer and the Builder will be responsible to ensure that compliance matters are demonstrated and met during the construction of the QTMP project. This will be demonstrated by completing the following:
- Daily checks will be undertaken by the site supervisor and relevant requirements where applicable will be included in the foreman’s daily diary.
- Weekly environmental inspections of the site which will include specific measures to address compliance related matters and will be assessed for compliance each week.
- A monthly audit focusing on the technical compliance aspects of this CMP will be conducted by the Project Environmental Manager (using CMP Monthly Audit Report template).
- Regular audits and inspections undertaken by TMR’s representative as required.

If during these inspections and audits that a component of the CMP has not been complied with, this matter must be addressed in accordance with Section 13.4 Non-Conformance and Non-Compliance.","CMP (B) Section 9.1 Inspections and Audits, Pg 61",CMP-OMF,Weekly Environmental Inspection Checklist,,,,,5,Weekly,"Weekly
Monthly",,,,,,,DanielBlunt@dtinfrastructure.com.au,Environmental and Sustainability Team,,Not started,,Not assessed,,,False,True,False,False,,"Source cell range: 'CEMP and General Requirements'!A11:L11
TP002 Project Stage: During construction
TP002 Responsibility: Environmental and Sustainability Team
Split: Row split into CEMP-006 (weekly inspection) and CEMP-006B (monthly CMP audit) - D-05"
CEMP-006B,CEMP and General Requirements,11,'CEMP and General Requirements'!A11,1. Compliance Management Plan,,CEMP-006,,Construction,The compliance matters are managed by Downer and the Builder will be responsible to ensure that compliance matters are demonstrated and met during the construction of the QTMP project. This will be demonstrated by completing the following: - Daily c…,"The compliance matters are managed by Downer and the Builder will be responsible to ensure that compliance matters are demonstrated and met during the construction of the QTMP project. This will be demonstrated by completing the following:
- Daily checks will be undertaken by the site supervisor and relevant requirements where applicable will be included in the foreman’s daily diary.
- Weekly environmental inspections of the site which will include specific measures to address compliance related matters and will be assessed for compliance each week.
- A monthly audit focusing on the technical compliance aspects of this CMP will be conducted by the Project Environmental Manager (using CMP Monthly Audit Report template).
- Regular audits and inspections undertaken by TMR’s representative as required.

If during these inspections and audits that a component of the CMP has not been complied with, this matter must be addressed in accordance with Section 13.4 Non-Conformance and Non-Compliance.","CMP (B) Section 9.1 Inspections and Audits, Pg 61",CMP-OMF,CMP Monthly Audit Report,,,,,5,Monthly,"Weekly
Monthly",,,,,,,DanielBlunt@dtinfrastructure.com.au,Environmental and Sustainability Team,,Not started,,Not assessed,,,False,True,False,False,,"Source cell range: 'CEMP and General Requirements'!A11:L11
TP002 Project Stage: During construction
TP002 Responsibility: Environmental and Sustainability Team
Split: Row split into CEMP-006 (weekly inspection) and CEMP-006B (monthly CMP audit) - D-05"
CEMP-007,CEMP and General Requirements,12,'CEMP and General Requirements'!A12,1. Compliance Management Plan,,,,Construction,"Release water quality as per project requirements outlined in the CMP: - PFAS (28-30 Analyte ultra-trace) Representative water sampling per container or waterbody or minimum of 1 sample per 100,000 L prior to release event.","Release water quality as per project requirements outlined in the CMP:

- PFAS (28-30 Analyte ultra-trace)

Representative water sampling per container or waterbody or minimum of 1 sample per 100,000 L prior to release event.","CMP (B) Section 9.2 Monitoring Program, Table 21, Pg 62",CMP-OMF,Included in Water Release Permit,,,,,5,Trigger-based,Ad hoc - prior to release,,,,,,,DanielBlunt@dtinfrastructure.com.au,Environmental and Sustainability Team,,Not started,,Not assessed,,,False,True,False,False,,"Source cell range: 'CEMP and General Requirements'!A12:L12
TP002 Project Stage: During construction
TP002 Responsibility: Environmental and Sustainability Team"
CEMP-008,CEMP and General Requirements,13,'CEMP and General Requirements'!A13,Acid sulfate soil,,,,Construction,Disposal of Wastewater - action criteria for disposal (stormwater) - pH (field test) - ph 6.5 to 7.5 - TSS (lab analysis) - less or equal to 50 mg / L or an equivalent turbidity measure (in NTU) where a statistical evaluation has provided a correlat…,"Disposal of Wastewater - action criteria for disposal (stormwater)
- pH (field test) - ph 6.5 to 7.5
- TSS (lab analysis) - less or equal to 50 mg / L or an equivalent turbidity measure (in NTU) where a statistical evaluation has provided a correlation between TSS and turbidity
- Oil and grease - no visual signs of oil or grease present",CEMP (B) Annex C Section 5.10 Treatment of Water,CEMP,"Water quality monitoring (groundwater / surface water) of water impacted by ASS
Included in Water Release Permit",,,,,5,Monthly,"Monthly during standard storage / operations
Ad hoc:
- within 24 hours prior to any scheduled discharge
- within five days following the cessation of any unplanned discharge event (i.e.. heavy rainfall)",,,,,,,DanielBlunt@dtinfrastructure.com.au,Environmental and Sustainability Team,,Not started,,Not assessed,,,False,True,False,False,,"Source cell range: 'CEMP and General Requirements'!A13:L13
TP002 Project Stage: During construction
TP002 Responsibility: Environmental and Sustainability Team
Excel comment (E13, Allison Brunott): Checklist of monitoring requirements could be developed and included in Lucidity."
CEMP-009,CEMP and General Requirements,14,'CEMP and General Requirements'!A14,Acid sulfate soil,,,,Construction,"Step 3 – Visual assessment of excavated soils The third step of the ex-situ management strategy involves the visual assessment of excavated soils involving the following process: - All excavated soils will be visually assessed for material type, col…","Step 3 – Visual assessment of excavated soils
The third step of the ex-situ management strategy involves the visual assessment of excavated soils involving the following process:
- All excavated soils will be visually assessed for material type, colour and consistency
- Soil types will need to be assessed based on the confirmatory results of the initial assessment
- An environmental consultant should visually assess the material excavated and should provide guidance to the contractors as to which material will require transport to the designated treatment pad
- A record of material tracking is to be maintained",CEMP (B) Annex C Section 5.9.2 Treatment Process for Soils,CEMP,Soil Movement Register,,,,,5,Trigger-based,Ad hoc - during excavation of soils,,,,,,,DanielBlunt@dtinfrastructure.com.au,Environmental and Sustainability Team,Environmental consultant; Suitably qualified person,Not started,,Not assessed,,,False,True,False,False,,"Source cell range: 'CEMP and General Requirements'!A14:L14
TP002 Project Stage: During construction
TP002 Responsibility: Environmental consultant / Suitably qualified person / Environmental and Sustainability Team"
CEMP-010,CEMP and General Requirements,15,'CEMP and General Requirements'!A15,Acid sulfate soil,,,,Construction,"All soil movement records must be maintained, including the volume and source of treated material moved and the destination of treated material. All material movements within the site boundaries should be surveyed by a licenced surveyor. Treated mat…","All soil movement records must be maintained, including the volume and source of treated material moved and the destination of treated material. All material movements within the site boundaries should be surveyed by a licenced surveyor.
Treated material is not to be removed from the site unless the waste has been classified in accordance with the Environmental Protection Regulation (2019).
Placement of untreated material below water table - depending on the timing of the works, stockpiled ASS could be returned to the excavations provided the following management procedures are followed:
- Visual assessment of temporary stockpiling and pH results do not indicate evidence of oxidation.
- Excavated ASS can be returned below the water table within the excavation within 48-hour period since the initial excavation.",CEMP (B) Annex C Section 5.11 Beneficial Re-Use / Off-Site Disposal of ASS,CEMP,Soil Movement Register,,,,,5,Trigger-based,Ad hoc - during excavation / movement of soils,,,,,,,DanielBlunt@dtinfrastructure.com.au,Environmental and Sustainability Team,,Not started,,Not assessed,,,False,True,False,False,,"Source cell range: 'CEMP and General Requirements'!A15:L15
TP002 Project Stage: During construction
TP002 Responsibility: Environmental and Sustainability Team"
CEMP-011,CEMP and General Requirements,16,'CEMP and General Requirements'!A16,Acid sulfate soil,,,,Construction,Disposal of Wastewater - action criteria for disposal (stormwater) - Heavy metals (lab analysis) - ANZG 2018 Trigger Guidelines for Freshwater Ecosystems (95% Species Level Protection) – if no licence conditions are available. Heavy metals include a…,"Disposal of Wastewater - action criteria for disposal (stormwater)
- Heavy metals (lab analysis) - ANZG 2018 Trigger Guidelines for Freshwater Ecosystems (95% Species Level Protection) – if no licence conditions are available.

Heavy metals include arsenic, cadmium, chromium, cobalt, copper, lead, manganese, mercury, nickel and zinc",CEMP (B) Annex C Section 5.10 Treatment of Water,CEMP,"Water quality monitoring (groundwater / surface water) of water impacted by ASS
Included in Water Release Permit",,,,,5,Trigger-based,"Ad hoc - one week before disposal
If exceedances are identified, sampling is to continue a weekly basis prior to off-site disposal.",,,,,,,DanielBlunt@dtinfrastructure.com.au,Environmental and Sustainability Team,,Not started,,Not assessed,,,False,True,False,False,,"Source cell range: 'CEMP and General Requirements'!A16:L16
TP002 Project Stage: During construction
TP002 Responsibility: Environmental and Sustainability Team
Excel comment (E16, Allison Brunott): Checklist of monitoring requirements could be developed and included in Lucidity."
CEMP-012,CEMP and General Requirements,17,'CEMP and General Requirements'!A17,Acid sulfate soil,,,,Construction,"Disposal of Wastewater - action criteria for disposal (stormwater) - Oil and grease (lab analysis) - 10,000 microgram / L for total oil and grease - Total and soluble iron (lab analysis) - less than 0.3 mg / L filtered iron","Disposal of Wastewater - action criteria for disposal (stormwater)
- Oil and grease (lab analysis) - 10,000 microgram / L for total oil and grease
- Total and soluble iron (lab analysis) - less than 0.3 mg / L filtered iron",CEMP (B) Annex C Section 5.10 Treatment of Water,CEMP,"Water quality monitoring (groundwater / surface water) of water impacted by ASS
Included in Water Release Permit",,,,,5,Trigger-based,"Weekly check sampling during discharge period
Ad hoc:
- as deemed necessary based on the visual inspection
- immediately before disposal",,,,,,,DanielBlunt@dtinfrastructure.com.au,Environmental and Sustainability Team,,Not started,,Not assessed,,,False,True,False,False,,"Source cell range: 'CEMP and General Requirements'!A17:L17
TP002 Project Stage: During construction
TP002 Responsibility: Environmental and Sustainability Team
Excel comment (E17, Allison Brunott): Checklist of monitoring requirements could be developed and included in Lucidity."
CEMP-013,CEMP and General Requirements,18,'CEMP and General Requirements'!A18,Acid sulfate soil,,,,Construction,Disposal of Wastewater - action criteria for disposal (stormwater) - Total and soluble iron - no visual signs of ferrous iron staining or settlement,"Disposal of Wastewater - action criteria for disposal (stormwater)
- Total and soluble iron - no visual signs of ferrous iron staining or settlement",CEMP (B) Annex C Section 5.10 Treatment of Water,CEMP,"Water quality monitoring (groundwater / surface water) of water impacted by ASS
Included in Water Release Permit",,,,,5,Trigger-based,Daily during the discharge event,,,,,,,DanielBlunt@dtinfrastructure.com.au,Environmental and Sustainability Team,,Not started,,Not assessed,,,False,True,False,False,,"Source cell range: 'CEMP and General Requirements'!A18:L18
TP002 Project Stage: During construction
TP002 Responsibility: Environmental and Sustainability Team
Excel comment (E18, Allison Brunott): Checklist of monitoring requirements could be developed and included in Lucidity."
CEMP-014,CEMP and General Requirements,19,'CEMP and General Requirements'!A19,Acid sulfate soil,,,,Construction,Sampling and Analysis of Water All water stored in the tank or basin should be sampled and analysed by a suitably qualified environmental consultant. Samples should be dispatched to a NATA-accredited laboratory for analysis. The analysis required wi…,"Sampling and Analysis of Water
All water stored in the tank or basin should be sampled and analysed by a suitably qualified environmental consultant.
Samples should be dispatched to a NATA-accredited laboratory for analysis. The analysis required will depend on the proposed disposal option and may include the following:
- pH
- Electrical Conductivity (EC)
- Heavy Metals (arsenic, cadmium, chromium, copper, lead, mercury, nickel, zinc, iron, and manganese)
- Alkalinity
- Total Suspended Solids (TSS)
- Total Organic Carbon (TOC) and Biochemical Oxygen Demand (BOD)

In addition, if water is to be disposed of to a nearby water body, samples need to be analysed such that water quality guidelines are met.",CEMP (B) Annex C Section 5.10 Treatment of Water,CEMP,Included in Water Release Permit,,,,,5,Trigger-based,Prior to disposal or release,,,,,,,DanielBlunt@dtinfrastructure.com.au,Environmental and Sustainability Team,,Not started,,Not assessed,,,False,True,False,False,,"Source cell range: 'CEMP and General Requirements'!A19:L19
TP002 Project Stage: During construction
TP002 Responsibility: Environmental and Sustainability Team"
CEMP-015,CEMP and General Requirements,20,'CEMP and General Requirements'!A20,Acid sulfate soil,,,,Construction,Treatment of Soil - Wastewater Management Performance criteria and verification testing The following performance criteria must be met for soils that have been treated using neutralisation: - A suitably qualified person will be present on-site durin…,"Treatment of Soil - Wastewater Management
Performance criteria and verification testing
The following performance criteria must be met for soils that have been treated using neutralisation:
- A suitably qualified person will be present on-site during the treatment of all acid sulfate soils to visually confirm the required rate and quantity of agricultural lime (or equivalent) has been mixed sufficiently with the processed materials.
- Treatment records must be maintained and include the day, time and amount of neutralising reagent used per batch / or layer.
- A certificate or verification letter will be prepared confirming the ASS has been adequately neutralised for each batch to be disposed of off-site or re-used on-site and should include the following:
     - Stockpile identification number
     - Reference to relevant report or chemical assessment
     - Location of the treatment area
     - A soil description
     - The results of the validation testing
     - Liming requirements have been met.
- If soil materials are deemed to be visually inconsistent with the original sampling and associated ASS assessment, the following field screening and criteria will be implemented:
     - Sampling is to be undertaken within 24-48 hours following liming of the ASS material.
     - Composite sampling is preferred rather than a single grab sample.
     - Post-neutralisation, the field pH is to be greater than 6.5, and the pHFOX is to be greater than or equal to 5.5.
     - Excess neutralising agents should stay within the treated soil until all acid generation reactions are complete and the soil has no further capacity to generate acidity.
     - Collect SCR validation samples. SCR validation sample results should show net acidity equal (including ANC) equal to or below zero.
     - Further liming is required if the ASS soils did not achieve the verification criteria (refer to Step 5).
     - The minimum soil sampling densities outlined in Table 5 must be used to verify post-neutralisation effectiveness.
     - If the stockpile has been over-limed, additional untreated soil exhibiting the same or similar characteristics will be mixed with the material to correct this, followed by further verification testing.
     - Once the materials have been verified as being neutralised, they will be transferred to the “Treated” Area for beneficial re-use or off-site disposal.",CEMP (B) Annex C Section 5.9.2 Treatment Process for Soils,CEMP,Soil Movement Register,,,,,5,Trigger-based,Ad hoc - during treatment of soils,,,,,,,DanielBlunt@dtinfrastructure.com.au,Environmental and Sustainability Team,Environmental consultant; Suitably qualified person,Not started,,Not assessed,,,False,True,False,False,,"Source cell range: 'CEMP and General Requirements'!A20:L20
TP002 Project Stage: During construction
TP002 Responsibility: Environmental consultant / Suitably qualified person / Environmental and Sustainability Team"
CEMP-016,CEMP and General Requirements,21,'CEMP and General Requirements'!A21,Acid sulfate soil,,,,Construction,Treatment of Water - Wastewater Management All water is to be removed from the site must be placed in an acid-resistant holding tank or basin. Records must be maintained and at a minimum include the location of the holding tank or basin and the volu…,"Treatment of Water - Wastewater Management
All water is to be removed from the site must be placed in an acid-resistant holding tank or basin.
Records must be maintained and at a minimum include the location of the holding tank or basin and the volume of liquid placed into the tank or basin.",CEMP (B) Annex C Section 5.10 Treatment of Water,CEMP,Water Release Permit Register,,,,,5,Trigger-based,Ad hoc,,,,,,,DanielBlunt@dtinfrastructure.com.au,Environmental and Sustainability Team,,Not started,,Not assessed,,,False,True,False,False,,"Source cell range: 'CEMP and General Requirements'!A21:L21
TP002 Project Stage: During construction
TP002 Responsibility: Environmental and Sustainability Team"
CEMP-017,CEMP and General Requirements,22,'CEMP and General Requirements'!A22,Acid sulfate soil,,,,Construction,"A register should be maintained to record the amount of lime delivered to the site and to ensure appropriate quantities of lime have been applied. The register shall list the quantities of lime delivered to the site, verified by delivery dockets, an…","A register should be maintained to record the amount of lime delivered to the site and to ensure appropriate quantities of lime have been applied. The register shall list the quantities of lime delivered to the site, verified by delivery dockets, and where the lime has been used. The lime usage shall quantify areas limed, soil volumes treated, liming rates and quantities of lime used. The lime register shall be a verifiable performance indicator and extracts may be used in a final validation report.",CEMP (B) Annex C Section 5.9.2 Treatment Process for Soils,CEMP,Soil Movement Register,,,,,5,Monthly,Monthly,,,,,,,DanielBlunt@dtinfrastructure.com.au,Environmental and Sustainability Team,,Not started,,Not assessed,,,False,True,False,False,,"Source cell range: 'CEMP and General Requirements'!A22:L22
TP002 Project Stage: During construction
TP002 Responsibility: Environmental and Sustainability Team"
CEMP-018,CEMP and General Requirements,23,'CEMP and General Requirements'!A23,Acid sulfate soil,,,,Construction,Visual observations or olfactory indicators of acid sulfate soils identified during the construction phase,Visual observations or olfactory indicators of acid sulfate soils identified during the construction phase,CEMP (B) Annex C Section 5.8 Soil Mitigation and Management Strategies,CEMP,Weekly Environmental Inspection Checklist,,,,,5,Weekly,Weekly,,,,,,,DanielBlunt@dtinfrastructure.com.au,Environmental and Sustainability Team,,Not started,,Not assessed,,,False,True,False,False,,"Source cell range: 'CEMP and General Requirements'!A23:L23
TP002 Project Stage: During construction
TP002 Responsibility: Environmental and Sustainability Team"
CEMP-019,CEMP and General Requirements,24,'CEMP and General Requirements'!A24,Air quality and dust,,,,Construction,"A complaints register will be established that records the frequency of occurrence, intensity, duration, offensiveness and location of public complaints regarding dust and odour. An investigation into the source and implementation of a mitigation st…","A complaints register will be established that records the frequency of occurrence, intensity, duration, offensiveness and location of public complaints regarding dust and odour. An investigation into the source and implementation of a mitigation strategy is required following the receipt of a complaint.",CEMP (B) Annex D Section 7.7 Complaints,CEMP,Complaints recorded in INX as incident,,,,,5,Trigger-based,Ad hoc,,,,,,,DanielBlunt@dtinfrastructure.com.au,Environmental and Sustainability Team,,Not started,,Not assessed,,,False,True,False,False,,"Source cell range: 'CEMP and General Requirements'!A24:L24
TP002 Project Stage: During construction
TP002 Responsibility: Environmental and Sustainability Team"
CEMP-020,CEMP and General Requirements,25,'CEMP and General Requirements'!A25,Air quality and dust,,,,Construction,Regular dust observations of active excavation and stockpiling areas will be undertaken to ensure visible dust is not moving offsite. Records of observations should be compiled to enable the demonstration that dust is being managed in an ongoing man…,"Regular dust observations of active excavation and stockpiling areas will be undertaken to ensure visible dust is not moving offsite.
Records of observations should be compiled to enable the demonstration that dust is being managed in an ongoing manner.
Records should include (as a minimum) the following:
- Observation date and time.
- Area being inspected.
- Level of dust being generated.
- Meteorological conditions when observation occurred.
- Any mitigation measures undertaken.

Regular inspections (i.e., weekly) should be carried out on all plant equipment by their operators to ensure that emission reduction technology is in good condition and working effectively.",CEMP (B) Annex D Section 7.5 Air Quality Mitigation Measures,CEMP,Weekly Environmental Inspection Checklist,,,,,5,Weekly,Weekly,,,,,,,DanielBlunt@dtinfrastructure.com.au,Environmental and Sustainability Team,,Not started,,Not assessed,,,False,True,False,False,,"Source cell range: 'CEMP and General Requirements'!A25:L25
TP002 Project Stage: During construction
TP002 Responsibility: Environmental and Sustainability Team"
CEMP-021,CEMP and General Requirements,26,'CEMP and General Requirements'!A26,Air quality and dust,,,,Construction,"Calibrated air quality samplers suitable for monitoring TSP, PM10 and dust deposition, in locations around the site determined by suitably qualified persons.","Calibrated air quality samplers suitable for monitoring TSP, PM10 and dust deposition, in locations around the site determined by suitably qualified persons.",CEMP (B) Annex D Section 7.5 Air Quality Mitigation Measures,CEMP,,,,,,5,Ongoing,,,,,,,,DanielBlunt@dtinfrastructure.com.au,Environmental and Sustainability Team,Air quality consultant; Suitably qualified persons,Not started,,Not assessed,,,False,True,False,False,,"Source cell range: 'CEMP and General Requirements'!A26:L26
TP002 Project Stage: During construction
TP002 Responsibility: Air quality consultant / Suitably qualified persons / Environmental and Sustainability Team
Excel comment (C26, Allison Brunott - AES): Requirement for monitoring equipment in CEMP however monitoring specifics not noted.
Excel comment (G26, Allison Brunott - AES): Later in the section ‘suitably qualified environmental consultant’ if used - is this air quality consultant?"
CEMP-022,CEMP and General Requirements,27,'CEMP and General Requirements'!A27,Biosecurity,,,,Construction,"The following records will be maintained on site to assist with reporting requirements: - Incoming materials certification stating free from pests, weeds and fire ants. - Vehicle weed / seed certificates prior to entering site (subject to requiremen…","The following records will be maintained on site to assist with reporting requirements:
- Incoming materials certification stating free from pests, weeds and fire ants.
- Vehicle weed / seed certificates prior to entering site (subject to requirements).
- Records of disposal of biosecurity waste.",CEMP (B) Annex E Section 7.7 Reporting and Audits,CEMP,"Hygiene Register
Waste Disposal Register",,,,,5,Trigger-based,Ad hoc,,,,,,,DanielBlunt@dtinfrastructure.com.au,Environmental and Sustainability Team,,Not started,,Not assessed,,,False,True,False,False,,"Source cell range: 'CEMP and General Requirements'!A27:L27
TP002 Project Stage: During construction
TP002 Responsibility: Environmental and Sustainability Team"
CEMP-023,CEMP and General Requirements,28,'CEMP and General Requirements'!A28,Biosecurity,,,,Pre-construction,"Prior to the development of the site, a comprehensive site assessment will be conducted by a suitably qualified person to identify potential fire ant habitats and nests on site. Any identified nests or signs of fire ant activity will be immediately…","Prior to the development of the site, a comprehensive site assessment will be conducted by a suitably qualified person to identify potential fire ant habitats and nests on site. Any identified nests or signs of fire ant activity will be immediately reported and dealt with by a licensed pest control specialist.",CEMP (B) Annex E Section 7.5 Biosecurity Mitigation Measures,CEMP,Pre-construction assessment,,,,,5,Once,Post construction,,,Practical completion,0,,,DanielBlunt@dtinfrastructure.com.au,Environmental and Sustainability Team,Suitably qualified persons,Not started,,Not assessed,,,False,True,True,False,,"Source cell range: 'CEMP and General Requirements'!A28:L28
TP002 Project Stage: Pre construction
TP002 Responsibility: Suitably qualified persons / Environmental and Sustainability Team
Excel comment (C28, Allison Brunott): Not explicitly ongoing monitoring or reporting but a deliverable (assessment)."
CEMP-024,CEMP and General Requirements,29,'CEMP and General Requirements'!A29,Biosecurity,,,,Construction,"As part of the GBO, regular site inspections could be conducted by a trained person or licensed pest removalist to document any new fire ant infestations or signs so that they can be appropriately managed and reported. It is critical that all new fi…","As part of the GBO, regular site inspections could be conducted by a trained person or licensed pest removalist to document any new fire ant infestations or signs so that they can be appropriately managed and reported. It is critical that all new fire ant infestations on site be dealt with promptly to further limit the spread.",CEMP (B) Annex E Section 7.5 Biosecurity Mitigation Measures,CEMP,Weekly Environmental Inspection Checklist,,,,,5,Weekly,Weekly,,,,,,,DanielBlunt@dtinfrastructure.com.au,Environmental and Sustainability Team,,Not started,,Not assessed,,,False,True,False,False,,"Source cell range: 'CEMP and General Requirements'!A29:L29
TP002 Project Stage: During construction
TP002 Responsibility: Environmental and Sustainability Team"
CEMP-025,CEMP and General Requirements,30,'CEMP and General Requirements'!A30,Erosion and sediment control,,,,Construction,"Where contaminated soil is to remain on Site, it must remain in the railway corridor and be capped to minimise impact to the surrounding environment. Permanent and temporary erosion controls are to be utilised to ensure the stability of the capping…","Where contaminated soil is to remain on Site, it must remain in the railway corridor and be capped to minimise impact to the surrounding environment. Permanent and temporary erosion controls are to be utilised to ensure the stability of the capping material.
All soil movements shall be tracked, and details recorded including, at a minimum, the source location, volume, material type and placement location.",CEMP (B) Annex M Section 6.5 Mitigation Measure,CEMP,Soil Movement Register,,,,,5,Monthly,"Ad hoc
Monthly as part of reporting to TMR",,,,,,,DanielBlunt@dtinfrastructure.com.au,Environmental and Sustainability Team,,Not started,,Not assessed,,,False,True,False,False,,"Source cell range: 'CEMP and General Requirements'!A30:L30
TP002 Project Stage: During construction
TP002 Responsibility: Environmental and Sustainability Team"
CEMP-026,CEMP and General Requirements,31,'CEMP and General Requirements'!A31,Erosion and sediment control,,,,Construction,If spoil is removed from the lot on plan where it was excavated a suitably qualified person to undertake the sampling regime in accordance with the processes outlined in the NSW EPA Sampling Design Part 1 Application and Part 2 Interpretation. Testi…,If spoil is removed from the lot on plan where it was excavated a suitably qualified person to undertake the sampling regime in accordance with the processes outlined in the NSW EPA Sampling Design Part 1 Application and Part 2 Interpretation. Testing for asbestos in the soil must be included.,CEMP (B) Annex M Section 6.5 Mitigation Measure,CEMP,Soil Movement Register,,,,,5,Trigger-based,Ad hoc - when spoil removed from lot on plan,,,,,,,DanielBlunt@dtinfrastructure.com.au,Environmental and Sustainability Team,Suitably qualified persons,Not started,,Not assessed,,,False,True,False,False,,"Source cell range: 'CEMP and General Requirements'!A31:L31
TP002 Project Stage: During construction
TP002 Responsibility: Suitably qualified persons"
CEMP-027,CEMP and General Requirements,32,'CEMP and General Requirements'!A32,Erosion and sediment control,,,,Construction,"In the event Potential Acid Sulphate Soils (PASS) are identified, the location is to be recorded and reported to the Environmental Advisor.","In the event Potential Acid Sulphate Soils (PASS) are identified, the location is to be recorded and reported to the Environmental Advisor.",CEMP (B) Annex M Section 6.5 Mitigation Measure,CEMP,Soil Movement Register,,,,,5,Trigger-based,Ad hoc,,,,,,,DanielBlunt@dtinfrastructure.com.au,Environmental and Sustainability Team,,Not started,,Not assessed,,,False,True,False,False,,"Source cell range: 'CEMP and General Requirements'!A32:L32
TP002 Project Stage: During construction
TP002 Responsibility: Environmental and Sustainability Team"
CEMP-028,CEMP and General Requirements,33,'CEMP and General Requirements'!A33,Erosion and sediment control,,,,Construction,Inspection of ESC controls should form part of the daily site inspection and recorded in the Superintendents daily diary. Reporting of the integrity of the ESC controls and management in line with best practise and ISO14001 shall be conducted on wee…,"Inspection of ESC controls should form part of the daily site inspection and recorded in the Superintendents daily diary.

Reporting of the integrity of the ESC controls and management in line with best practise and ISO14001 shall be conducted on weekly basis as part of the Weekly Environmental and Sustainability Inspection (WLU-ZH-FM116.2 Environment & Sustainability Inspection Checklist), as active works are being undertaken.",CEMP (B) Annex M Section 6.7 Reporting,CEMP,"Daily site inspection checklist (to be developed and created in Lucidity) OR
Documented daily in site diaries
Weekly Environmental Inspection Checklist",,,,,5,Weekly,"Daily
Weekly",,,,,,,,Construction Manager,Environmental and Sustainability Team,Not started,,Not assessed,,,False,True,False,False,,"Source cell range: 'CEMP and General Requirements'!A33:L33
TP002 Project Stage: During construction
TP002 Responsibility: Construction Manager / Environmental and Sustainability Team
Excel comment (C33, Allison Brunott): Note reference inspection checklist is to Downer project (WLU Warrnambool Line Upgrade)."
CEMP-029,CEMP and General Requirements,34,'CEMP and General Requirements'!A34,Flora and fauna,,,,Post-construction,"Post Construction Monitoring - Implemented to assess the effectiveness of the safeguards and mitigation measures, identify any unexpected or inadvertent impact and identify recommended revisions to support the protection of native flora and fauna -…","Post Construction Monitoring
- Implemented to assess the effectiveness of the safeguards and mitigation measures, identify any unexpected or inadvertent impact and identify recommended revisions to support the protection of native flora and fauna
- The monitoring required for this project should be conducted by a suitable qualified ecologist for the surveys, and the Environment and Sustainability Manager for all other monitoring requirements.",CEMP (B) Annex G Section 9.5 Post Construction Monitoring,CEMP,Post-construction survey (ecological),,,,,5,Once,Post construction,,,Practical completion,0,,,DanielBlunt@dtinfrastructure.com.au,Environmental and Sustainability Team,Ecologist,Not started,,Not assessed,,,False,True,False,False,,"Source cell range: 'CEMP and General Requirements'!A34:L34
TP002 Project Stage: Post construction
TP002 Responsibility: Ecologist / Environmental and Sustainability Team"
CEMP-030,CEMP and General Requirements,35,'CEMP and General Requirements'!A35,Flora and fauna,,,,Pre-construction and construction,"Pre-clearing Surveys - Capture and / or remove and relocate fauna that have the potential to be disturbed, injured or killed as a result of site clearing works - Inform clearing contractors of any changes to the clearing methodology if fauna is iden…","Pre-clearing Surveys
- Capture and / or remove and relocate fauna that have the potential to be disturbed, injured or killed as a result of site clearing works
- Inform clearing contractors of any changes to the clearing methodology if fauna is identified as being present
- An approved Fauna Spotter Catcher must assess the site no more than two weeks prior to clearing works commencing.
- Identify suitable offsite relocation options for captured fauna in consultation with the community and stakeholders.",CEMP (B) Annex G Section 9.2 Pre-clearing Surveys,CEMP,Pre-clearance survey by Fauna Spotter-Catcher,,,,,5,Trigger-based,Prior to clearing works commencing - no more than two weeks prior to clearing works commencing,,,,,,,DanielBlunt@dtinfrastructure.com.au,Environmental and Sustainability Team,Fauna Spotter-Catcher,Not started,,Not assessed,,,False,True,False,False,,"Source cell range: 'CEMP and General Requirements'!A35:L35
TP002 Project Stage: Pre and during construction
TP002 Responsibility: Fauna Spotter-Catcher"
CEMP-031,CEMP and General Requirements,36,'CEMP and General Requirements'!A36,Flora and fauna,,,,Pre-construction,Pre-construction Ecological Surveys - Identification and tagging of hollow bearing trees and all other fauna containing habitat trees - Inspect all culvers and other structures onsite that are to be demolished or removed for the presence of native f…,"Pre-construction Ecological Surveys
- Identification and tagging of hollow bearing trees and all other fauna containing habitat trees
- Inspect all culvers and other structures onsite that are to be demolished or removed for the presence of native fauna
- Mapping and identification of environmental and noxious weeds.",CEMP (B) Annex G Section 9.1 Pre-construction Ecological Surveys,CEMP,Pre-construction survey (ecological),,,,,5,Once,Prior to construction works commencing,,,Construction start,0,,,DanielBlunt@dtinfrastructure.com.au,Environmental and Sustainability Team,Ecologist; Fauna Spotter-Catcher,Not started,,Not assessed,,,False,True,False,False,,"Source cell range: 'CEMP and General Requirements'!A36:L36
TP002 Project Stage: Pre construction
TP002 Responsibility: Ecologist / Fauna Spotter-Catcher / Environmental and Sustainability Team (if familiar with weed identification)"
CEMP-032,CEMP and General Requirements,37,'CEMP and General Requirements'!A37,Flora and fauna,,,,Construction,"Revegetation Monitoring - Revegetation monitoring should be conducted quarterly after revegetation commences to ensure that the revegetation strategy is working as intended, and to determine if additional measures need to be undertaken to support th…","Revegetation Monitoring
- Revegetation monitoring should be conducted quarterly after revegetation commences to ensure that the revegetation strategy is working as intended, and to determine if additional measures need to be undertaken to support the native flora and fauna.",CEMP (B) Annex G Section 9.4 Revegetation Monitoring,CEMP,Weekly Environmental Inspection Checklist - document revegetation monitoring (once commenced) at least quarterly,,,,,5,Quarterly,Quarterly after revegetation commences,,,Revegetation commencement,,,,DanielBlunt@dtinfrastructure.com.au,Environmental and Sustainability Team,,Not started,,Not assessed,,,False,True,False,False,,"Source cell range: 'CEMP and General Requirements'!A37:L37
TP002 Project Stage: During construction
TP002 Responsibility: Environmental and Sustainability Team"
CEMP-033,CEMP and General Requirements,38,'CEMP and General Requirements'!A38,Flora and fauna,,,,Construction,No-go Zone Monitoring - Ongoing monitoring of ‘no-go’ zones and other retained vegetation will be conducted weekly by the Environment and Sustainability Manager.,"No-go Zone Monitoring
- Ongoing monitoring of ‘no-go’ zones and other retained vegetation will be conducted weekly by the Environment and Sustainability Manager.",CEMP (B) Annex G Section 9.3 No-go Zone Monitoring,CEMP,Weekly Environmental Inspection Checklist,,,,,5,Weekly,Weekly,,,,,,,DanielBlunt@dtinfrastructure.com.au,Environmental and Sustainability Team,,Not started,,Not assessed,,,False,True,False,False,,"Source cell range: 'CEMP and General Requirements'!A38:L38
TP002 Project Stage: During construction
TP002 Responsibility: Environmental and Sustainability Team"
CEMP-034,CEMP and General Requirements,39,'CEMP and General Requirements'!A39,Flora and fauna,,,,Construction,"Reports on the implementation of this Programme would include the following: - The results of all environmental monitoring and inspections, including adequacy of site-specific environmental safeguards and management measures - Any complaints or non-…","Reports on the implementation of this Programme would include the following:
- The results of all environmental monitoring and inspections, including adequacy of site-specific environmental safeguards and management measures
- Any complaints or non-conformances with licenses / criteria, and includes any responses provided or actions undertaken in response to the complaint or non-conformance.
- Any remediation changes or actions to management or mitigation measures.",CEMP (B) Annex G Section 11 Auditing and Reporting,CEMP,Weekly Environmental Inspection Checklist,,,,,5,Weekly,Weekly,,,,,,,DanielBlunt@dtinfrastructure.com.au,Environmental and Sustainability Team,,Not started,,Not assessed,,,False,True,False,False,,"Source cell range: 'CEMP and General Requirements'!A39:L39
TP002 Project Stage: During construction
TP002 Responsibility: Environmental and Sustainability Team"
CEMP-035,CEMP and General Requirements,40,'CEMP and General Requirements'!A40,General,,,,Construction,"The review of this Plan undertaken typically annually (as a minimum), as determined by the project’s QTMP-MNT-DTI-QM-PLN-000002 - Quality Management Plan or whenever the plan, risk, and/ or activities materially change from the baseline scope/ conte…","The review of this Plan undertaken typically annually (as a minimum), as determined by the project’s QTMP-MNT-DTI-QM-PLN-000002 - Quality Management Plan or whenever the plan, risk, and/ or activities materially change from the baseline scope/ content.","EMP (D) Section 14.1 Review
CEMP (B) Section 14.1 Review",EMP,Annual review of EMP and CEMP,,,,,5,Annual,Annual,,,,,,,DanielBlunt@dtinfrastructure.com.au,Environmental and Sustainability Team,,Not started,,Not assessed,,,False,True,False,False,,"Source cell range: 'CEMP and General Requirements'!A40:L40
TP002 Project Stage: During construction
TP002 Responsibility: Environmental and Sustainability Team"
CEMP-036,CEMP and General Requirements,41,'CEMP and General Requirements'!A41,General,,,,Construction,Review of environmental objectives and targets,Review of environmental objectives and targets,ISO 14001:2015,ISO-14001,Regular review of project environmental objectives and targets,,,,,5,Quarterly,Quarterly / Six monthly?,,,,,,,DanielBlunt@dtinfrastructure.com.au,Environmental and Sustainability Team,,Not started,,Not assessed,,,False,True,True,False,,"Source cell range: 'CEMP and General Requirements'!A41:L41
TP002 Project Stage: During construction
TP002 Responsibility: Environmental and Sustainability Team"
CEMP-037,CEMP and General Requirements,42,'CEMP and General Requirements'!A42,General,,,,Construction,"Review of performance management trends including: - incident types and severity; - environmental observations, non-compliances and complaints; - inspections (environmental and critical risk) undertaken, actions raised and closed out; - environmenta…","Review of performance management trends including:
- incident types and severity;
- environmental observations, non-compliances and complaints;
- inspections (environmental and critical risk) undertaken, actions raised and closed out;
- environmental and sustainability initiatives identified and implemented.",ISO 14001:2015,ISO-14001,Regular review of environmental performance statistics,,,,,5,Monthly,Monthly,,,,,,,DanielBlunt@dtinfrastructure.com.au,Environmental and Sustainability Team,,Not started,,Not assessed,,,False,True,False,False,,"Source cell range: 'CEMP and General Requirements'!A42:L42
TP002 Project Stage: During construction
TP002 Responsibility: Environmental and Sustainability Team"
CEMP-038,CEMP and General Requirements,43,'CEMP and General Requirements'!A43,General,,,,Construction,Project audit schedule which includes environment and sustainability aspects / environmental management programmes,Project audit schedule which includes environment and sustainability aspects / environmental management programmes,ISO 14001:2015,ISO-14001,Internal audit of a single / few Environmental Management Programmes each quarter,,,,,5,Quarterly,Quarterly,,,,,,,DanielBlunt@dtinfrastructure.com.au,Environmental and Sustainability Team,,Not started,,Not assessed,,,False,True,False,False,,"Source cell range: 'CEMP and General Requirements'!A43:L43
TP002 Project Stage: During construction
TP002 Responsibility: Environmental and Sustainability Team
Excel comment (C43, Allison Brunott): Is there a project audit schedule being developed for the project?"
CEMP-039,CEMP and General Requirements,44,'CEMP and General Requirements'!A44,General,,,,Construction,"Compliance tracking is undertaken on a continual basis during execution using DTI-ZH-TP002.1 Environmental Compliance Obligations Register (the Compliance Register). The Compliance Register will: - ensure all relevant authorisations, permits, approv…","Compliance tracking is undertaken on a continual basis during execution using DTI-ZH-TP002.1 Environmental Compliance Obligations Register (the Compliance Register).  The Compliance Register will:
- ensure all relevant authorisations, permits, approvals, contract requirements, and/or specific requirements are addressed.
- make the compliance status of all conditions available at any time.

The Compliance Register will be used for:
- tracking implementation and compliance with the requirements
- auditing compliance
- reporting status of approval conditions.

The updated Compliance Register will be sent to the Group Manager Environment and Sustainability monthly.",EMP (D) Section 6.5 Compliance Tracking,EMP,Monthly compliance review sent to Group Manager Environment and Sustainability,,,,,5,Monthly,Monthly,,,,,,,DanielBlunt@dtinfrastructure.com.au,Environmental and Sustainability Team,,Not started,,Not assessed,,,False,True,False,False,,"Source cell range: 'CEMP and General Requirements'!A44:L44
TP002 Project Stage: During construction
TP002 Responsibility: Environmental and Sustainability Team"
CEMP-040,CEMP and General Requirements,45,'CEMP and General Requirements'!A45,General,,,,Construction,Ongoing review and monitoring of obligations under the compliance tracker.,Ongoing review and monitoring of obligations under the compliance tracker.,"EMP (D) Section 8.1 Objectives and Targets
CEMP (B) Section 8.3 Objectives and Targets",EMP,Monthly compliance review sent to Group Manager Environment and Sustainability,,,,,5,Monthly,Monthly,,,,,,,DanielBlunt@dtinfrastructure.com.au,Environmental and Sustainability Team,,Not started,,Not assessed,,,False,True,False,False,,"Source cell range: 'CEMP and General Requirements'!A45:L45
TP002 Project Stage: During construction
TP002 Responsibility: Environmental and Sustainability Team
Section/Group (full): General / Legal Compliance"
CEMP-041,CEMP and General Requirements,46,'CEMP and General Requirements'!A46,General,,,,Construction,Conduct environmental inspections weekly: - Heritage management; - Sustainability management for ISC rating; - Waste management; - Flora and fauna management; - Water discharge management: - Hazardous chemicals and dangerous goods; - Air quality and…,"Conduct environmental inspections weekly:
- Heritage management;
- Sustainability management for ISC rating;
- Waste management;
- Flora and fauna management;
- Water discharge management:
- Hazardous chemicals and dangerous goods;
- Air quality and dust management;
- Applicable impact mitigation strategies; and
- Biosecurity.","EMP (D) Section 8.1 Objectives and Targets and Section 11.1 Audit and Inspection
CEMP (B) Section 8.3 Objectives and Targets and Section 11.1 Audit and Inspection",EMP,Weekly Environmental Inspection Checklist,,,,,5,Weekly,Weekly,,,,,,,DanielBlunt@dtinfrastructure.com.au,Environmental and Sustainability Team,,Not started,,Not assessed,,,False,True,False,False,,"Source cell range: 'CEMP and General Requirements'!A46:L46
TP002 Project Stage: During construction
TP002 Responsibility: Environmental and Sustainability Team
Section/Group (full): General / Legal Compliance"
CEMP-042,CEMP and General Requirements,47,'CEMP and General Requirements'!A47,Hydrocarbon and chemical,,,,Construction,Daily site inspections are to be undertaken and documented by DT Infrastructure throughout the construction phase and are to include the identification of any actual or potential contamination issues or risks.,Daily site inspections are to be undertaken and documented by DT Infrastructure throughout the construction phase and are to include the identification of any actual or potential contamination issues or risks.,CEMP (B) Annex I Section 5.7.2 Environmental Monitoring,CEMP,"Daily site inspection checklist (to be developed and created in Lucidity) OR
Updated in CEMP to weekly occurrence",,,,,5,Daily,Daily,,,,,,,DanielBlunt@dtinfrastructure.com.au,Environmental and Sustainability Team,,Not started,,Not assessed,,,False,True,False,False,,"Source cell range: 'CEMP and General Requirements'!A47:L47
TP002 Project Stage: During construction
TP002 Responsibility: Environmental and Sustainability Team
Excel comment (F47, Allison Brunott - AES): Daily inspections in Annex I of the CEMP."
CEMP-043,CEMP and General Requirements,48,'CEMP and General Requirements'!A48,Hydrocarbon and chemical,,,,Construction,"Immediately following a defined rainfall event, inspect and conduct necessary maintenance on all bunded chemical and hazardous storage areas","Immediately following a defined rainfall event, inspect and conduct necessary maintenance on all bunded chemical and hazardous storage areas",CEMP (B) Annex I Section 5.7.2 Environmental Monitoring,CEMP,Weekly Environmental Inspection Checklist,,,,,5,Trigger-based,Ad hoc - following rainfall event exceeding 10mm in 24hr period,,,,,,,DanielBlunt@dtinfrastructure.com.au,Environmental and Sustainability Team,,Not started,,Not assessed,,,False,True,False,False,,"Source cell range: 'CEMP and General Requirements'!A48:L48
TP002 Project Stage: During construction
TP002 Responsibility: Environmental and Sustainability Team"
CEMP-044,CEMP and General Requirements,49,'CEMP and General Requirements'!A49,Noise and vibration,,,,Construction,"Unattended vibration measurement - where necessary, the installation of continuous ground vibration monitoring location. This monitoring system is to include real-time alerts to notify key site personnel of exceedances of the building damage vibrati…","Unattended vibration measurement - where necessary, the installation of continuous ground vibration monitoring location.
This monitoring system is to include real-time alerts to notify key site personnel of exceedances of the building damage vibration limit (5 PPV mm/s) and where exceeded implement a stop work procedure to prevent further impact until rectified.
Previous day vibration monitoring data supplied daily to key site personnel to allow for ongoing review and management of vibration levels experienced during construction.",CEMP (B) Annex F Section 8.5 Noise and Vibration Mitigation Measures,CEMP,,,,,,5,Trigger-based,Ad hoc - during vibration-generating activities,,,,,,,DanielBlunt@dtinfrastructure.com.au,Environmental and Sustainability Team,,Not started,,Not assessed,,,False,True,False,False,,"Source cell range: 'CEMP and General Requirements'!A49:L49
TP002 Project Stage: During construction
TP002 Responsibility: Environmental and Sustainability Team"
CEMP-045,CEMP and General Requirements,50,'CEMP and General Requirements'!A50,Noise and vibration,,,,Pre-construction,Unattended noise monitoring will be required prior to construction works commencing for the purposes of measuring representative ambient noise levels for the construction site.,Unattended noise monitoring will be required prior to construction works commencing for the purposes of measuring representative ambient noise levels for the construction site.,CEMP (B) Annex F Section 6.1.2 Ambient and Background Noise Measurement,CEMP,,,,,,5,Once,Prior to construction works commencing,,,Construction start,0,,,DanielBlunt@dtinfrastructure.com.au,Environmental and Sustainability Team,,Not started,,Not assessed,,,False,True,False,False,,"Source cell range: 'CEMP and General Requirements'!A50:L50
TP002 Project Stage: Pre construction
TP002 Responsibility: Environmental and Sustainability Team"
CEMP-046,CEMP and General Requirements,51,'CEMP and General Requirements'!A51,Noise and vibration,,,,Pre-construction and construction,Source attended vibration measurement - attended vibration measurements are required at the commencement of vibration-generating activities (use of the listed plant within the safe working buffer distances identified) to confirm that vibration level…,Source attended vibration measurement - attended vibration measurements are required at the commencement of vibration-generating activities (use of the listed plant within the safe working buffer distances identified) to confirm that vibration levels are within the acceptable range to prevent building damage and adjust the safe working buffer distances as necessary.,CEMP (B) Annex F Section 8.5 Noise and Vibration Mitigation Measures,CEMP,,,,,,5,Trigger-based,Prior to construction works commencing / At the commencement of vibration-generating activities,,,,,,,DanielBlunt@dtinfrastructure.com.au,Environmental and Sustainability Team,,Not started,,Not assessed,,,False,True,False,False,,"Source cell range: 'CEMP and General Requirements'!A51:L51
TP002 Project Stage: Pre and during construction
TP002 Responsibility: Environmental and Sustainability Team"
CEMP-047,CEMP and General Requirements,52,'CEMP and General Requirements'!A52,Noise and vibration,,,,Construction,The following records will be maintained on site to assist with reporting requirements: - The noise levels of plant and equipment must have operating Sound Power or Sound Pressure levels less than modelled; - Source attended vibration measurements a…,"The following records will be maintained on site to assist with reporting requirements:
- The noise levels of plant and equipment must have operating Sound Power or Sound Pressure levels less than modelled;
- Source attended vibration measurements and unattended vibration measurements when monitored; and
- Tracking and reporting of complaints will be undertaken in accordance with Section 12.5 of the Project CEMP.

Regular reporting of noise and vibration monitoring data will be recorded as per TMR’s Environmental Processes Manual and the Transport Noise Management Code of Practice.",CEMP (B) Annex F Section 8.7 Reporting and Audits,CEMP,,,,,,5,Trigger-based,Ad hoc,,,,,,,DanielBlunt@dtinfrastructure.com.au,Environmental and Sustainability Team,,Not started,,Not assessed,,,False,True,False,False,,"Source cell range: 'CEMP and General Requirements'!A52:L52
TP002 Project Stage: During construction
TP002 Responsibility: Environmental and Sustainability Team"
CEMP-048,CEMP and General Requirements,53,'CEMP and General Requirements'!A53,Soil and land,,,,Construction,"PFAS/PFOS impacted soil management - Monthly report to outline quantities, source location, analytical results and reuse location. - Soil disposal off site is to be tracked using the PFAS Waste Tracking Register and reported in the PFAS Monthly Repo…","PFAS/PFOS impacted soil management
- Monthly report to outline quantities, source location, analytical results and reuse location.
- Soil disposal off site is to be tracked using the PFAS Waste Tracking Register and reported in the PFAS Monthly Report against the SDP permitted volumes for disposal.

Monitoring / tracking of PFAS/PFOS impact soil to include:
- Quantities;
- Source location;
- Analytical results; and
- Reuse location.",CEMP (B) Annex J Section 7 Implementation of Controls,CEMP,Soil Movement Register,,,,,5,Monthly,"Ad hoc
Monthly as part of reporting to TMR",,,,,,,DanielBlunt@dtinfrastructure.com.au,Environmental and Sustainability Team,,Not started,,Not assessed,,,False,True,False,False,,"Source cell range: 'CEMP and General Requirements'!A53:L53
TP002 Project Stage: During construction
TP002 Responsibility: Environmental and Sustainability Team"
CEMP-049,CEMP and General Requirements,54,'CEMP and General Requirements'!A54,Soil and land,,,,Construction,Roads onsite and leaving the site should be inspected regularly to determine if additional measures are needed to prevent the movement of soil and dust from site onto the surrounding roads by site vehicles and plant.,Roads onsite and leaving the site should be inspected regularly to determine if additional measures are needed to prevent the movement of soil and dust from site onto the surrounding roads by site vehicles and plant.,CEMP (B) Annex J Section 7.3 Monitoring,CEMP,Weekly Environmental Inspection Checklist,,,,,5,Weekly,Weekly,,,,,,,DanielBlunt@dtinfrastructure.com.au,Environmental and Sustainability Team,,Not started,,Not assessed,,,False,True,False,False,,"Source cell range: 'CEMP and General Requirements'!A54:L54
TP002 Project Stage: During construction
TP002 Responsibility: Environmental and Sustainability Team"
CEMP-050,CEMP and General Requirements,55,'CEMP and General Requirements'!A55,Soil and land,,,,Construction,"Regular site inspections will be carried out by the Environment & Sustainability Manager or Supervisor and the Site Supervisor during all stages of excavation, storage and transport of contaminated materials. These inspections should be conducted at…","Regular site inspections will be carried out by the Environment & Sustainability Manager or Supervisor and the Site Supervisor during all stages of excavation, storage and transport of contaminated materials. These inspections should be conducted at a minimum of weekly, or more frequently when potentially environmentally damaging works are taking place (i.e., stockpiling of ASS).",CEMP (B) Annex J Section 7.3 Monitoring,CEMP,Weekly Environmental Inspection Checklist,,,,,5,Weekly,Weekly,,,,,,,DanielBlunt@dtinfrastructure.com.au,Environmental and Sustainability Team,,Not started,,Not assessed,,,False,True,False,False,,"Source cell range: 'CEMP and General Requirements'!A55:L55
TP002 Project Stage: During construction
TP002 Responsibility: Environmental and Sustainability Team"
CEMP-051,CEMP and General Requirements,56,'CEMP and General Requirements'!A56,Soil and land,,,,Construction,Water quality monitoring of pH and turbidity shall be conducted on all nearby water bodies on a weekly basis or after a rainfall event that exceeds 10mm in a 24-hour period. These results are to be recorded and provided to the onsite Environment and…,"Water quality monitoring of pH and turbidity shall be conducted on all nearby water bodies on a weekly basis or after a rainfall event that exceeds 10mm in a 24-hour period. These results are to be recorded and provided to the onsite Environment and Sustainability Manager.
Water must be tested to ensure it is compliant with all relevant regulations prior to discharging from the site.",CEMP (B) Annex J Section 7.3 Monitoring,CEMP,"Weekly Environmental Inspection Checklist
Weekly Environmental Inspection Checklist conducted following rainfall event
Water Release Permit",,,,,5,Weekly,"Weekly
Ad hoc:
- Following rainfall event exceeding 10mm in 24hr period
- Prior to discharging from site",,,,,,,DanielBlunt@dtinfrastructure.com.au,Environmental and Sustainability Team,,Not started,,Not assessed,,,False,True,False,False,,"Source cell range: 'CEMP and General Requirements'!A56:L56
TP002 Project Stage: During construction
TP002 Responsibility: Environmental and Sustainability Team"
CEMP-052,CEMP and General Requirements,57,'CEMP and General Requirements'!A57,Soil and land,,,,Construction,"The Project Engineer and the Site Supervisor will conduct regular (weekly, or after rainfall exceeding 10mm in 24 hours) inspections of the site to ensure that erosion and sediment control from stockpiles and onsite earthworks are effective in their…","The Project Engineer and the Site Supervisor will conduct regular (weekly, or after rainfall exceeding 10mm in 24 hours) inspections of the site to ensure that erosion and sediment control from stockpiles and onsite earthworks are effective in their mitigation of sediment and erosion and that all water bodies near the site are well protected.",CEMP (B) Annex J Section 7.3 Monitoring,CEMP,Weekly Environmental Inspection Checklist conducted following rainfall event,,,,,5,Weekly,"Weekly
Ad hoc - following rainfall event exceeding 10mm in 24hr period",,,,,,,,Site Supervisor,Environmental and Sustainability Team,Not started,,Not assessed,,,False,True,False,False,,"Source cell range: 'CEMP and General Requirements'!A57:L57
TP002 Project Stage: During construction
TP002 Responsibility: Site Supervisor / Environmental and Sustainability Team"
CEMP-053,CEMP and General Requirements,58,'CEMP and General Requirements'!A58,Sustainability Data,,,,Construction,The project must report energy and greenhouse gas emissions in accordance with DTI-ZH-PR077.1 Sustainability Data Collection and Reporting Procedure,The project must report energy and greenhouse gas emissions in accordance with DTI-ZH-PR077.1 Sustainability Data Collection and Reporting Procedure,"EMP (D) Section 6.2 Legislation, Standards and Regulations",EMP,"Environmental Data Collection Record form including:
- Greenhouse gas and energy data",,,,,5,Monthly,Monthly,,,,,,,DanielBlunt@dtinfrastructure.com.au,Environmental and Sustainability Team,,Not started,,Not assessed,,,False,True,False,False,,"Source cell range: 'CEMP and General Requirements'!A58:L58
TP002 Project Stage: During construction
TP002 Responsibility: Environmental and Sustainability Team"
CEMP-054,CEMP and General Requirements,59,'CEMP and General Requirements'!A59,Sustainability Data,,,,Construction,"As per DTI-ZH-PR077.1 Sustainability Data Collection and Reporting Procedure, monthly reporting for DTI includes: - Greenhouse gas and energy data for compliance with the NGER Act if it is determined that DTI holds the operational control (for other…","As per DTI-ZH-PR077.1 Sustainability Data Collection and Reporting Procedure, monthly reporting for DTI includes:
- Greenhouse gas and energy data for compliance with the NGER Act if it is determined that DTI holds the operational control (for other contracts as well, it is recommended to record this data to enable measuring and managing Scope 3 emissions which is a focus area under FAS decarbonisation plan); and
- Waste generation and water consumption data are gathered using the Environmental Data Collection Record described in DTI-ZH-PR077.1 Sustainability Data Collection and Reporting Procedure.","EMP (D) Section 12.5 Reporting
CEMP (B) Section 12.5 Reporting",EMP,"Environmental Data Collection Record form including:
- Greenhouse gas and energy data
- Waste generation
- Water consumption",,,,,5,Monthly,Monthly,,,,,,,DanielBlunt@dtinfrastructure.com.au,Environmental and Sustainability Team,,Not started,,Not assessed,,,False,True,False,False,,"Source cell range: 'CEMP and General Requirements'!A59:L59
TP002 Project Stage: During construction
TP002 Responsibility: Environmental and Sustainability Team"
CEMP-055,CEMP and General Requirements,60,'CEMP and General Requirements'!A60,Waste,,,,Construction,Waste Transport Certificates recorded and retained onsite. Tracking and reporting of trackable regulated waste will be undertaken in accordance with statutory requirements under the Environmental Protection Act 1994. All waste data (trackable regula…,"Waste Transport Certificates recorded and retained onsite.

Tracking and reporting of trackable regulated waste will be undertaken in accordance with statutory requirements under the Environmental Protection Act 1994.
All waste data (trackable regulated and non-trackable) will be recorded in the Master Waste Register.",CEMP (B) Annex K Section 6 Mitigation Measures and Section 10 Reporting,CEMP,Waste Disposal Register,,,,,5,Trigger-based,Ad hoc,,,,,,,DanielBlunt@dtinfrastructure.com.au,Environmental and Sustainability Team,,Not started,,Not assessed,,,False,True,False,False,,"Source cell range: 'CEMP and General Requirements'!A60:L60
TP002 Project Stage: During construction"
CEMP-056,CEMP and General Requirements,61,'CEMP and General Requirements'!A61,Waste,,,,Construction,Daily informal visual inspection of waste collection areas and general site housekeeping. Daily inspections of plant and equipment must be undertaken prior to commencing works to ensure that all leaks and drops are identified and rectified immediate…,"Daily informal visual inspection of waste collection areas and general site housekeeping.
Daily inspections of plant and equipment must be undertaken prior to commencing works to ensure that all leaks and drops are identified and rectified immediately.
Daily information visual inspection of plant and equipment storage areas to ensure the efficacy of the bunds.
Report all identified trends of liquid storage efficacy during next business day pre-start.",CEMP (B) Annex K Section 9 Monitoring,CEMP,"Daily site inspection checklist (to be developed and created in Lucidity) OR
Documented daily in site diaries OR
Updated in CEMP to weekly occurrence",,,,,5,Daily,Daily,,,,,,,DanielBlunt@dtinfrastructure.com.au,Environmental and Sustainability Team,,Not started,,Not assessed,,,False,True,False,False,,"Source cell range: 'CEMP and General Requirements'!A61:L61
TP002 Project Stage: During construction
TP002 Responsibility: Environmental and Sustainability Team"
CEMP-057,CEMP and General Requirements,62,'CEMP and General Requirements'!A62,Waste,,,,Construction,Characterise any unlabelled waste.,Characterise any unlabelled waste.,CEMP (B) Annex K Section 9 Monitoring,CEMP,Weekly Environmental Inspection Checklist,,,,,5,Weekly,Weekly,,,,,,,DanielBlunt@dtinfrastructure.com.au,Environmental and Sustainability Team,,Not started,,Not assessed,,,False,True,False,False,,"Source cell range: 'CEMP and General Requirements'!A62:L62
TP002 Project Stage: During construction
TP002 Responsibility: Environmental and Sustainability Team"
CEMP-058,CEMP and General Requirements,63,'CEMP and General Requirements'!A63,Water quality and waterways,,,,Post-construction,Post-construction inspections will be undertaken within four weeks of construction completion,Post-construction inspections will be undertaken within four weeks of construction completion,CEMP (B) Annex L Section 5.8 Monitoring and Reporting,CEMP,Post-construction survey (water quality and waterways),,,,,5,Once,Post construction - within four weeks of construction completion,,,Practical completion,28,,,,Construction Manager,,Not started,,Not assessed,,,False,True,False,False,,"Source cell range: 'CEMP and General Requirements'!A63:L63
TP002 Project Stage: Post construction
TP002 Responsibility: Construction Manager"
CEMP-059,CEMP and General Requirements,64,'CEMP and General Requirements'!A64,Water quality and waterways,,,,Pre-construction,Undertake pre-construction survey to identify sediment and erosion control requirements.,Undertake pre-construction survey to identify sediment and erosion control requirements.,CEMP (B) Annex L Section 5.8 Monitoring and Reporting,CEMP,Pre-construction survey (erosion and sediment control requirements),,,,,5,Once,Prior to construction works commencing,,,Construction start,0,,,DanielBlunt@dtinfrastructure.com.au,Environmental and Sustainability Team,,Not started,,Not assessed,,,False,True,False,False,,"Source cell range: 'CEMP and General Requirements'!A64:L64
TP002 Project Stage: Pre construction
TP002 Responsibility: Environmental and Sustainability Team"
CEMP-060,CEMP and General Requirements,65,'CEMP and General Requirements'!A65,Water quality and waterways,,,,Construction,Monthly formal environmental inspections through Environmental Inspection Checklist,Monthly formal environmental inspections through Environmental Inspection Checklist,CEMP (B) Annex L Section 5.8 Monitoring and Reporting,CEMP,Weekly Environmental Inspection Checklist,,,,,5,Weekly,Weekly,,,,,,,DanielBlunt@dtinfrastructure.com.au,Environmental and Sustainability Team,,Not started,,Not assessed,,,False,True,False,False,,"Source cell range: 'CEMP and General Requirements'!A65:L65
TP002 Project Stage: During construction
TP002 Responsibility: Environmental and Sustainability Team"
PFAS-001,PFAS CMP Requirements,6,'PFAS CMP Requirements'!A6,Compliance Matter 1: The reuse PFAS water onsite,,,The reuse or release of PFAS impacted water and the reuse of soil with low level PFAS for construction activities,All stages,Extraction of groundwater with low level PFAS during construction activities.,Extraction of groundwater with low level PFAS during construction activities.,CMP Ormeau Facility (C) - Section 11.7,CMP-OMF,"Low level PFAS impacted water to be pumped to the appropriate designated water storage tanks for reuse or release in accordance with project requirements (i.e., CEMP).",The Builder will need to dewater groundwater to safely install drainage and infrastructure below the ground surface in accordance with the design.,Construction methodologies prepared for activities to include method for dewatering and transfer into storage facilities.,,,5,Ongoing,,,,,,,,SamMoraes@dtinfrastructure.com.au,Environmental Manager,,Not started,,Not assessed,,,False,True,False,False,,"Source cell range: 'PFAS CMP Requirements'!A6:N6
TP002 Project Stage: All
TP002 Responsibility: Environmental Manager
Relevant Legislation / Standard or Code: Environmental Protection Act 1994 - S319 and S440ZG

Environmental Protection Regulation 2019"
PFAS-002,PFAS CMP Requirements,7,'PFAS CMP Requirements'!A7,Compliance Matter 1: The reuse PFAS water onsite,,,The reuse or release of PFAS impacted water and the reuse of soil with low level PFAS for construction activities,All stages,Extraction of groundwater with low level PFAS during construction activities.,Extraction of groundwater with low level PFAS during construction activities.,CMP Ormeau Facility (C) - Section 11.7,CMP-OMF,"Continuous dewatering from the construction activity is to be undertaken in accordance with project requirements (i.e., DWP).",The Builder will need to dewater groundwater to safely install drainage and infrastructure below the ground surface in accordance with the design.,Construction methodologies prepared for activities to include method for dewatering and transfer into storage facilities.,,,5,Ongoing,,,,,,,,SamMoraes@dtinfrastructure.com.au,Environmental Manager,,Not started,,Not assessed,,,False,True,False,False,,"Source cell range: 'PFAS CMP Requirements'!A7:N7
TP002 Project Stage: All
TP002 Responsibility: Environmental Manager
Relevant Legislation / Standard or Code: Environmental Protection Act 1994 - S319 and S440ZG

Environmental Protection Regulation 2019"
PFAS-003,PFAS CMP Requirements,8,'PFAS CMP Requirements'!A8,Compliance Matter 1: The reuse PFAS water onsite,,,The reuse or release of PFAS impacted water and the reuse of soil with low level PFAS for construction activities,All stages,"Management, storage and release of groundwater and surface water with low level PFAS groundwater and surface water on site during construction activities.","Management, storage and release of groundwater and surface water with low level PFAS groundwater and surface water on site during construction activities.",CMP Ormeau Facility (C) - Section 11.7,CMP-OMF,"Low level PFAS impacted water to be pumped to the appropriate designated water storage tanks for reuse or release in accordance with project requirements (i.e., CEMP).","The Builder will accumulate and passively release extracted groundwater and/ or surface water collected after rainfall events, in accordance with the CEMP.",Construction methodologies prepared for activities to include method for dewatering and transfer into storage facilities.,,,5,Ongoing,,,,,,,,SamMoraes@dtinfrastructure.com.au,Environmental Manager,,Not started,,Not assessed,,,False,True,False,False,,"Source cell range: 'PFAS CMP Requirements'!A8:N8
TP002 Project Stage: All
TP002 Responsibility: Environmental Manager
Relevant Legislation / Standard or Code: Environmental Protection Act 1994 - S319 and S440ZG

Environmental Protection Regulation 2019 - S55 of Sch2

PFAS National Environmental Management Plan (V2.0)

Australian Water Quality Guidelines"
PFAS-004,PFAS CMP Requirements,9,'PFAS CMP Requirements'!A9,Compliance Matter 1: The reuse PFAS water onsite,,,The reuse or release of PFAS impacted water and the reuse of soil with low level PFAS for construction activities,All stages,"Management and, storage and release of groundwater and surface water with low level PFAS groundwater and surface water on site during construction activities.","Management and, storage and release of groundwater and surface water with low level PFAS groundwater and surface water on site during construction activities.",CMP Ormeau Facility (C) - Section 11.7,CMP-OMF,"Continuous dewatering from the construction activity is to be undertaken in accordance with project requirements (i.e., DWP).","The Builder will accumulate and passively release extracted groundwater and/ or surface water collected after rainfall events, in accordance with the CEMP.",Construction methodologies prepared for activities to include method for dewatering and transfer into storage facilities.,,,5,Ongoing,,,,,,,,SamMoraes@dtinfrastructure.com.au,Environmental Manager,,Not started,,Not assessed,,,False,True,False,False,,"Source cell range: 'PFAS CMP Requirements'!A9:N9
TP002 Project Stage: All
TP002 Responsibility: Environmental Manager
Relevant Legislation / Standard or Code: Environmental Protection Act 1994 - S319 and S440ZG

Environmental Protection Regulation 2019 - S55 of Sch2

PFAS National Environmental Management Plan (V2.0)

Australian Water Quality Guidelines"
PFAS-005,PFAS CMP Requirements,10,'PFAS CMP Requirements'!A10,Compliance Matter 1: The reuse PFAS water onsite,,,The reuse or release of PFAS impacted water and the reuse of soil with low level PFAS for construction activities,All stages,Use of low level concentrated PFAS water on site.,Use of low level concentrated PFAS water on site.,CMP Ormeau Facility (C) - Section 11.7,CMP-OMF,"Control measures in accordance with project requirements (i.e., DMP and CEMP) to mitigate issues associated with run‐off.","The Builder will accumulate and passively release extracted groundwater and/ or surface water collected after rainfall events, in accordance with the CEMP.",CEMP to be kept up to date. Offsite monitoring records to be provided in the Monthly Report.,,,5,Ongoing,,,,,,,,SamMoraes@dtinfrastructure.com.au,Environmental Manager,,Not started,,Not assessed,,,False,True,False,False,,"Source cell range: 'PFAS CMP Requirements'!A10:N10
TP002 Project Stage: All
TP002 Responsibility: Environmental Manager
Relevant Legislation / Standard or Code: Environmental Protection Act 1994 - S319 and S440ZG

Environmental Protection Regulation 2019 - S55 of Sch2

PFAS National Environmental Management Plan (V2.0)

Australian Water Quality Guidelines"
PFAS-006,PFAS CMP Requirements,11,'PFAS CMP Requirements'!A11,Compliance Matter 1: The reuse PFAS water onsite,,,The reuse or release of PFAS impacted water and the reuse of soil with low level PFAS for construction activities,All stages,Use of low level concentrated PFAS water on site.,Use of low level concentrated PFAS water on site.,CMP Ormeau Facility (C) - Section 11.7,CMP-OMF,"After six months of use, undertake a review of the water quantities.","The Builder will accumulate and passively release extracted groundwater and/ or surface water collected after rainfall events, in accordance with the CEMP.","Project Environmental Manager to undertake a six-monthly review of the quantities of water used for the project and a copy
of the review findings will be provided in the PFAS Monthly Compliance Report.",,,5,Six-monthly,,,,,,,,SamMoraes@dtinfrastructure.com.au,Environmental Manager,,Not started,,Not assessed,,,False,True,False,False,,"Source cell range: 'PFAS CMP Requirements'!A11:N11
TP002 Project Stage: All
TP002 Responsibility: Environmental Manager
Relevant Legislation / Standard or Code: Environmental Protection Act 1994 - S319 and S440ZG

Environmental Protection Regulation 2019 - S55 of Sch2

PFAS National Environmental Management Plan (V2.0)

Australian Water Quality Guidelines"
PFAS-007,PFAS CMP Requirements,12,'PFAS CMP Requirements'!A12,Compliance Matter 1: The reuse PFAS water onsite,,,The reuse or release of PFAS impacted water and the reuse of soil with low level PFAS for construction activities,All stages,Treatment of low level PFAS impacted water.,Treatment of low level PFAS impacted water.,CMP Ormeau Facility (C) - Section 11.7,CMP-OMF,"Pumps, pipes and hoses used to transfer low level PFAS water are to be regularly checked for integrity (checked for leaks from the couplings, holes in the hoses etc.)",The Builder will have the option to utilise a water treatment plant to treat low level PFAS water to an approved concentration and quality for reuse onsite (i.e. for dust suppression).,Daily checks of the treatment system and associated infrastructure during pumping and treatment of water.,,,5,Daily,,,,,,,,SamMoraes@dtinfrastructure.com.au,Environmental Manager,,Not started,,Not assessed,,,False,True,False,False,,"Source cell range: 'PFAS CMP Requirements'!A12:N12
TP002 Project Stage: All
TP002 Responsibility: Environmental Manager
Relevant Legislation / Standard or Code: Environmental Protection Act 1994 - S319 and S440ZG

Environmental Protection Regulation 2019 - S55 of Sch2

PFAS National Environmental Management Plan (V2.0)

Australian Water Quality Guidelines"
PFAS-008,PFAS CMP Requirements,13,'PFAS CMP Requirements'!A13,Compliance Matter 1: The reuse PFAS water onsite,,,The reuse or release of PFAS impacted water and the reuse of soil with low level PFAS for construction activities,All stages,Release of low level PFAS impacted water into the receiving environment.,Release of low level PFAS impacted water into the receiving environment.,CMP Ormeau Facility (C) - Section 11.7,CMP-OMF,Deliver water quality toolbox talks and other training for the release of low level PFAS water.,The Builder will treat the low level PFAS water to an approved concentration and quality for release into the receiving environment (Compliance Matter 3).,"Toolbox and training conducted for site personnel to be recorded and conducted as required (i.e., during treatment and release, or when new staff commence works onsite).",,,5,Ongoing,,,,,,,,SamMoraes@dtinfrastructure.com.au,Environmental Manager,,Not started,,Not assessed,,,False,True,False,False,,"Source cell range: 'PFAS CMP Requirements'!A13:N13
TP002 Project Stage: All
TP002 Responsibility: Environmental Manager
Relevant Legislation / Standard or Code: Environmental Protection Act 1994 - S319 and S440ZG

PFAS National Environmental Management Plan (V2.0)

Australian Water Quality Guidelines
Excel comment (E13, Allison Brunott): EP Reg apply to this?"
PFAS-009,PFAS CMP Requirements,14,'PFAS CMP Requirements'!A14,Compliance Matter 1: The reuse PFAS water onsite,,,The reuse or release of PFAS impacted water and the reuse of soil with low level PFAS for construction activities,All stages,Release of low level PFAS impacted water into the receiving environment.,Release of low level PFAS impacted water into the receiving environment.,CMP Ormeau Facility (C) - Section 11.7,CMP-OMF,Low level PFAS water is to be treated to within the discharge criteria specified accordance with Section 4.4.3.2.,The Builder will treat the low level PFAS water to an approved concentration and quality for release into the receiving environment (Compliance Matter 3).,Water analysis to be completed by a NATA accredited laboratory prior to release.,,,5,Ongoing,,,,,,,,SamMoraes@dtinfrastructure.com.au,Environmental Manager,,Not started,,Not assessed,,,False,True,False,False,,"Source cell range: 'PFAS CMP Requirements'!A14:N14
TP002 Project Stage: All
TP002 Responsibility: Environmental Manager
Relevant Legislation / Standard or Code: Environmental Protection Act 1994 - S319 and S440ZG

PFAS National Environmental Management Plan (V2.0)

Australian Water Quality Guidelines
Excel comment (E14, Allison Brunott): EP Reg apply to this?"
PFAS-010,PFAS CMP Requirements,15,'PFAS CMP Requirements'!A15,Compliance Matter 1: The reuse PFAS water onsite,,,The reuse or release of PFAS impacted water and the reuse of soil with low level PFAS for construction activities,All stages,Release of low level PFAS impacted water into the receiving environment.,Release of low level PFAS impacted water into the receiving environment.,CMP Ormeau Facility (C) - Section 11.7,CMP-OMF,"The accidental release of low level PFAS contaminated water (exceeding the criteria specified accordance with Section 4.4.3.2. Will be immediately contained, cleaned up and if required, the affected area remediated.",The Builder will treat the low level PFAS water to an approved concentration and quality for release into the receiving environment (Compliance Matter 3).,Reporting and remediation activities to be confirmed and completed under the supervision of the Project Manager.,,,5,Ongoing,,,,,,,,SamMoraes@dtinfrastructure.com.au,Environmental Manager,,Not started,,Not assessed,,,False,True,False,False,,"Source cell range: 'PFAS CMP Requirements'!A15:N15
TP002 Project Stage: All
TP002 Responsibility: Environmental Manager
Relevant Legislation / Standard or Code: Environmental Protection Act 1994 - S319 and S440ZG

PFAS National Environmental Management Plan (V2.0)

Australian Water Quality Guidelines
Excel comment (E15, Allison Brunott): EP Reg apply to this?"
PFAS-011,PFAS CMP Requirements,16,'PFAS CMP Requirements'!A16,Compliance Matter 2: Reuse of soil with low level detectable PFAS for construction activities,,,The reuse or release of PFAS impacted water and the reuse of soil with low level PFAS for construction activities,All stages,Reuse of soil with low level detectable PFAS within the construction works.,Reuse of soil with low level detectable PFAS within the construction works.,CMP Ormeau Facility (C) - Section 12.7,CMP-OMF,"Ensure low level concentrations of PFAS material reused on site is recorded by the Project Environmental Manager and documented in a brief letter including figures of the source location, analytical results and reuse location for inclusion in the sites “Close Out Report”.",The Builder will reuse low level PFAS soil on the site within permanent works.,Project Environmental Manager to keep records and map where material is reused on site. Provide this information in the Close Out Report and monthly reporting to TMR.,,,5,Ongoing,,,,,,,,SamMoraes@dtinfrastructure.com.au,Environmental Manager,,Not started,,Not assessed,,,False,True,False,False,,"Source cell range: 'PFAS CMP Requirements'!A16:N16
TP002 Project Stage: All
TP002 Responsibility: Environmental Manager
Relevant Legislation / Standard or Code: Environmental Protection Act 1994 - S319,S424 and S425 (S739) and S440ZG

Environmental Protection Regulation 2019 - S55 of Sch2

PFAS National Environmental Management Plan (V2.0)"
PFAS-012,PFAS CMP Requirements,17,'PFAS CMP Requirements'!A17,Compliance Matter 2: Reuse of soil with low level detectable PFAS for construction activities,,,The reuse or release of PFAS impacted water and the reuse of soil with low level PFAS for construction activities,All stages,Reuse of soil with low level detectable PFAS within the construction works.,Reuse of soil with low level detectable PFAS within the construction works.,CMP Ormeau Facility (C) - Section 12.7,CMP-OMF,"Where material is not geotechnically sound for reuse and has been impacted by PFAS, the material is to be disposed from site to an appropriately licenced waste management facility.",The Builder will reuse low level PFAS soil on the site within permanent works.,Waste disposal records captured in the PFAS Waste tracking register.,,,5,Ongoing,,,,,,,,SamMoraes@dtinfrastructure.com.au,Environmental Manager,,Not started,,Not assessed,,,False,True,False,False,,"Source cell range: 'PFAS CMP Requirements'!A17:N17
TP002 Project Stage: All
TP002 Responsibility: Environmental Manager
Relevant Legislation / Standard or Code: Environmental Protection Act 1994 - S319,S424 and S425 (S739) and S440ZG

Environmental Protection Regulation 2019 - S55 of Sch2

PFAS National Environmental Management Plan (V2.0)"
PFAS-013,PFAS CMP Requirements,18,'PFAS CMP Requirements'!A18,Compliance Matter 2: Reuse of soil with low level detectable PFAS for construction activities,,,The reuse or release of PFAS impacted water and the reuse of soil with low level PFAS for construction activities,All stages,"Stockpiling, storage and relocation of low level PFAS impacted soil during construction.","Stockpiling, storage and relocation of low level PFAS impacted soil during construction.",CMP Ormeau Facility (C) - Section 12.7,CMP-OMF,Ensure the CEMP is updated to capture how stockpiles are to be managed on site.,"The Builder will store and stockpile low level PFAS impacted soil during construction in accordance with the CEMP.

The Builder will confirm a location onsite that is suitable for the excess stockpiled material.",Updated CEMP,,,5,Ongoing,,,,,,,,SamMoraes@dtinfrastructure.com.au,Environmental Manager,,Not started,,Not assessed,,,False,True,False,False,,"Source cell range: 'PFAS CMP Requirements'!A18:N18
TP002 Project Stage: All
TP002 Responsibility: Environmental Manager
Relevant Legislation / Standard or Code: Environmental Protection Act 1994 - S319,S424 and S425 (S739) and S440ZG

PFAS National Environmental Management Plan (V2.0)
Excel comment (E18, Allison Brunott): EP Reg apply to this?"
PFAS-014,PFAS CMP Requirements,19,'PFAS CMP Requirements'!A19,Compliance Matter 2: Reuse of soil with low level detectable PFAS for construction activities,,,The reuse or release of PFAS impacted water and the reuse of soil with low level PFAS for construction activities,All stages,"Stockpiling, storage and relocation of low level PFAS impacted soil during construction.","Stockpiling, storage and relocation of low level PFAS impacted soil during construction.",CMP Ormeau Facility (C) - Section 12.7,CMP-OMF,Consult the Project Environmental Manager when proposing to stockpile material. Ensure a risk assessment of the location of the proposed storage area in accordance with the CEMP is undertaken by the Project Environmental Manager.,"The Builder will store and stockpile low level PFAS impacted soil during construction in accordance with the CEMP.

The Builder will confirm a location onsite that is suitable for the excess stockpiled material.",Risk assessment to confirm the suitability of the material in the stockpiled material.,,,5,Ongoing,,,,,,,,SamMoraes@dtinfrastructure.com.au,Environmental Manager,,Not started,,Not assessed,,,False,True,False,False,,"Source cell range: 'PFAS CMP Requirements'!A19:N19
TP002 Project Stage: All
TP002 Responsibility: Environmental Manager
Relevant Legislation / Standard or Code: Environmental Protection Act 1994 - S319,S424 and S425 (S739) and S440ZG

PFAS National Environmental Management Plan (V2.0)
Excel comment (E19, Allison Brunott): EP Reg apply to this?"
PFAS-015,PFAS CMP Requirements,20,'PFAS CMP Requirements'!A20,Compliance Matter 3: The releasing of PFAS impacted water to surface water,,,The reuse or release of PFAS impacted water and the reuse of soil with low level PFAS for construction activities,All stages,Management and Storage of low level PFAS impacted groundwater during dewatering activities.,Management and Storage of low level PFAS impacted groundwater during dewatering activities.,CMP Ormeau Facility (C) - Section 11.7,CMP-OMF,"Low level PFAS impacted water to be pumped to the appropriate designated water storage tanks for reuse or release in accordance with project requirements (i.e., CEMP).",The Builder will manage groundwater from dewatering and surface water activities during construction in appropriate storage facilities and managed in accordance with the CEMP.,Construction methodologies prepared for activities to include method for dewatering and transfer into storage facilities.,,,5,Ongoing,,,,,,,,SamMoraes@dtinfrastructure.com.au,Environmental Manager,,Not started,,Not assessed,,,False,True,False,False,,"Source cell range: 'PFAS CMP Requirements'!A20:N20
TP002 Project Stage: All
TP002 Responsibility: Environmental Manager
Relevant Legislation / Standard or Code: Environmental Protection Act 1994 - S319 and S440ZG"
PFAS-016,PFAS CMP Requirements,21,'PFAS CMP Requirements'!A21,Compliance Matter 3: The releasing of PFAS impacted water to surface water,,,The reuse or release of PFAS impacted water and the reuse of soil with low level PFAS for construction activities,All stages,Management and Storage of low level PFAS impacted groundwater during dewatering activities.,Management and Storage of low level PFAS impacted groundwater during dewatering activities.,CMP Ormeau Facility (C) - Section 11.7,CMP-OMF,"Continuous dewatering from the construction activity is to be undertaken in accordance with project requirements (i.e., DWP).",The Builder will manage groundwater from dewatering and surface water activities during construction in appropriate storage facilities and managed in accordance with the CEMP.,Construction methodologies prepared for activities to include method for dewatering and transfer into storage facilities.,,,5,Ongoing,,,,,,,,SamMoraes@dtinfrastructure.com.au,Environmental Manager,,Not started,,Not assessed,,,False,True,False,False,,"Source cell range: 'PFAS CMP Requirements'!A21:N21
TP002 Project Stage: All
TP002 Responsibility: Environmental Manager
Relevant Legislation / Standard or Code: Environmental Protection Act 1994 - S319 and S440ZG"
PFAS-017,PFAS CMP Requirements,22,'PFAS CMP Requirements'!A22,Compliance Matter 3: The releasing of PFAS impacted water to surface water,,,The reuse or release of PFAS impacted water and the reuse of soil with low level PFAS for construction activities,All stages,Release of PFAS impacted water into receiving environment.,Release of PFAS impacted water into receiving environment.,CMP Ormeau Facility (C) - Section 11.7,CMP-OMF,Deliver water quality toolbox talks and other training for the release of low level PFAS water.,The Builder will have the option to reuse water onsite (Compliance Matter 1) or release into the receiving environment.,"Toolbox and training conducted for site personnel to be recorded and conducted as required (i.e., during treatment and release, or when new staff commence works onsite).",,,5,Ongoing,,,,,,,,SamMoraes@dtinfrastructure.com.au,Environmental Manager,,Not started,,Not assessed,,,False,True,False,False,,"Source cell range: 'PFAS CMP Requirements'!A22:N22
TP002 Project Stage: All
TP002 Responsibility: Environmental Manager
Relevant Legislation / Standard or Code: Environmental Protection Act 1994 - S319 and S440ZG

Environmental Protection Regulation 2019 - S55 of Sch2

PFAS National Environmental Management Plan (V2.0)

Australian Water Quality Guidelines"
PFAS-018,PFAS CMP Requirements,23,'PFAS CMP Requirements'!A23,Compliance Matter 3: The releasing of PFAS impacted water to surface water,,,The reuse or release of PFAS impacted water and the reuse of soil with low level PFAS for construction activities,All stages,Release of PFAS impacted water into receiving environment.,Release of PFAS impacted water into receiving environment.,CMP Ormeau Facility (C) - Section 11.7,CMP-OMF,Low level PFAS water is to be treated to within the discharge criteria specified accordance with Section 4.4.3.2.,The Builder will have the option to reuse water onsite (Compliance Matter 1) or release into the receiving environment.,Water analysis to be completed by a NATA accredited laboratory prior to release.,,,5,Ongoing,,,,,,,,SamMoraes@dtinfrastructure.com.au,Environmental Manager,,Not started,,Not assessed,,,False,True,False,False,,"Source cell range: 'PFAS CMP Requirements'!A23:N23
TP002 Project Stage: All
TP002 Responsibility: Environmental Manager
Relevant Legislation / Standard or Code: Environmental Protection Act 1994 - S319 and S440ZG

Environmental Protection Regulation 2019 - S55 of Sch2

PFAS National Environmental Management Plan (V2.0)

Australian Water Quality Guidelines"
PFAS-019,PFAS CMP Requirements,24,'PFAS CMP Requirements'!A24,Compliance Matter 3: The releasing of PFAS impacted water to surface water,,,The reuse or release of PFAS impacted water and the reuse of soil with low level PFAS for construction activities,All stages,Release of PFAS impacted water into receiving environment.,Release of PFAS impacted water into receiving environment.,CMP Ormeau Facility (C) - Section 11.7,CMP-OMF,"The accidental release of low level PFAS contaminated water (exceeding the criteria specified accordance with Section 4.4.3.2. Will be immediately contained, cleaned up and if required, the affected area remediated.",The Builder will have the option to reuse water onsite (Compliance Matter 1) or release into the receiving environment.,Reporting and remediation activities to be confirmed and completed under the supervision of the Project Manager.,,,5,Ongoing,,,,,,,,SamMoraes@dtinfrastructure.com.au,Environmental Manager,,Not started,,Not assessed,,,False,True,False,False,,"Source cell range: 'PFAS CMP Requirements'!A24:N24
TP002 Project Stage: All
TP002 Responsibility: Environmental Manager
Relevant Legislation / Standard or Code: Environmental Protection Act 1994 - S319 and S440ZG

Environmental Protection Regulation 2019 - S55 of Sch2

PFAS National Environmental Management Plan (V2.0)

Australian Water Quality Guidelines"
ADR-001,ADR WWBW Conditions,6,'ADR WWBW Conditions'!A6,,,,,Pre-construction,"Notification must be submitted prior to, but no more than twenty (20) business days before work commences. Pre-work notification can be submitted through the online notification system at http://adr.fisheries.qld.gov.au. If you are having trouble ac…","Notification must be submitted prior to, but no more than twenty (20) business days before work commences.
Pre-work notification can be submitted through the online notification system at http://adr.fisheries.qld.gov.au.
If you are having trouble accessing the online system, notification forms (found in section 11) can be completed and submitted to Fisheries Queensland, Department of Agriculture and Fisheries (DAF) by email to accepteddevelopment@daf.qld.gov.au.
If notifying by email, a map of the location of the works is to be submitted with the pre-works and post works notification forms and all sections of the relevant notification forms must be completed in full.
Post-works notification must be completed and submitted within 15 business days of the completion of the works.
For entities undertaking a program of works, a single pre-works and post-works notification can be made for the waterway barriers.",Accepted development requirements for operational work that is constructing or raising waterway barrier works - Section 4.1 Notification,ADR-WWBW,"Notification using:
- 11.1 Pre-works notification form; and
- 11.2 Post-works notification form.

Notification (pre and post) to be undertaken in accordance with dates in OMF DAF WWBW Notification Register.",,,,,5,Once,,,,Construction start,0,,,DanielBlunt@dtinfrastructure.com.au,Environmental and Sustainability Team,,Not started,,Not assessed,,,False,True,True,False,,"Source cell range: 'ADR WWBW Conditions'!A6:K6
TP002 Project Stage: Pre construction
TP002 Responsibility: Environmental and Sustainability Team
Editorial note (TP002 location): To change all of these to Creek crossings that required ADR WWBW"
ADR-002,ADR WWBW Conditions,7,'ADR WWBW Conditions'!A7,,,,All WWBW,Construction,"Sites where accepted development is occurring must be open for inspection by DAF staff during business hours, during works and on request.","Sites where accepted development is occurring must be open for inspection by DAF staff during business hours, during works and on request.",Accepted development requirements for operational work that is constructing or raising waterway barrier works - Section 4.2 Site access,ADR-WWBW,Note,,,,,5,Ongoing,,,,,,,,,,,N/A – Info only,,Not assessed,,,True,False,False,False,,"Source cell range: 'ADR WWBW Conditions'!A7:K7
TP002 Project Stage: During construction
TP002 Responsibility: Note"
ADR-003,ADR WWBW Conditions,8,'ADR WWBW Conditions'!A8,,,,All WWBW,Construction,"The following standards apply under these accepted development requirements: 1. Development work minimises impacts to waterways and fish habitats. 2. In tidal waterways, tidal exchange and flow at the site must not be impeded for more than 21 days.…","The following standards apply under these accepted development requirements:
1. Development work minimises impacts to waterways and fish habitats.
2. In tidal waterways, tidal exchange and flow at the site must not be impeded for more than 21 days. After 21 days, tidal flushing must be restored (tidal flushing is recommended for a minimum of 48 hours).
3. Excavation work in un-bunded tidal areas is to be scheduled to occur within two hours either side of low tide.
4. Works do not commence during times of elevated flow and in un-bunded tidal areas is to be scheduled to occur within two hours either side of low tide.
5. Where works are for the replacement of an existing waterway barrier work, the defunct waterway barrier work is to be completely removed as soon as possible and within four weeks of the completion of the replacement works.
6. Replacement of existing structures complies with the requirements for the construction of a new structure, under the relevant section of this code.
7. Other than spoil deliberately used for re-profiling to restore bed and banks to natural profiles, spoil from excavation is removed from tidal land and other wetlands and waterways.
8. Soil and sediment must not be removed from areas subject to quarantine restrictions e.g. declared fire ant areas.
9. All material used in the works are acid sulfate soil (ASS) free and potential acid sulfate soils (PASS) free or have been treated to accepted standards to prevent movement of sediment, runoff and leachate to fish habitats (guidance for current accepted standards can be found in the QASSTM: Soil management guidelines).
10. Impacts on water quality are to be minimised by undertaking the works to the standard set out in the current version of the Best Practice Erosion and Sediment Control, published by the International Erosion Control Association, Australasia.
11. Provisions are made to minimise the risk of fish kills arising from the works e.g. through entrapment of fish upstream or between works.
12. In the event that fish that have been trapped by the works, fish salvage activities in accordance with the Fisheries Queensland Guidelines for Fish Salvage (available at www.daf.qld.gov.au) are implemented immediately.
13. Fish kills must be reported to the Department of Environment and Science on 1300 130 372.
14. For any part of the waterway bed or banks adjacent to the works that has been altered by the waterway barrier works, the site is restored and/or rehabilitated so that as a minimum:
- Stability and profiles of the bed and banks are re-instated to natural stream profiles and stability within five (5) business days of the completion of the works
- The waterway bed is retained with natural substrate or reconstructed with substrate comparable to the natural substrate size and consistency
- Site conditions allow the rapid re-establishment of native vegetation and cover or native species are replanted to re-establish the natural plant community
15. Maintenance works on culverts that are for re-sleeving can only be undertaken once on any given culvert cell.",Accepted development requirements for operational work that is constructing or raising waterway barrier works - Section 4.3 Standards,ADR-WWBW,Work Instruction for Waterway Barrier Works ADR / RRP Exemption Requirements to be developed to outline the standards and controls for watercourse crossings on the Project.,,,,,5,Ongoing,,,,,,,,DanielBlunt@dtinfrastructure.com.au,Environmental and Sustainability Team,Engineering and Design Team; Construction Manager,Not started,,Not assessed,,,False,True,False,False,,"Source cell range: 'ADR WWBW Conditions'!A8:K8
TP002 Project Stage: During construction
TP002 Responsibility: Environmental and Sustainability Team / Engineering and Design Team / Construction Manager
Excel comment (E8, Allison Brunott): Proposed control to document ADR without having to list them all within CEMP - also WI could be provided to Engineering/Construction teams to assist with planning and design requirements."
ADR-004,ADR WWBW Conditions,9,'ADR WWBW Conditions'!A9,,,,All WWBW,Construction,"Minimise impacts to fisheries resources and fish habitats by taking the following actions: - Minimise disturbance to the instream bed and banks e.g. use geofabric as a work base, or construct a work platform above the substrate. - If it is necessary…","Minimise impacts to fisheries resources and fish habitats by taking the following actions:
- Minimise disturbance to the instream bed and banks e.g. use geofabric as a work base, or construct a work platform above the substrate.
- If it is necessary to remove vegetation, aim to cut vegetation no lower than ground level and leave the root in the ground to aid in stabilisation. If deep excavation is required during construction the roots may only be removed within the construction footprint area
- Minimise the area of land disturbed or compacted e.g. construct a work platform above the substrate
- Ensure the least volume of soil or sediment is disturbed
- Limit the use of machinery within waterways
- Use machinery no greater than the capacity required for the purpose
- Implement sediment and erosion protection measures
- Undertake works at times that minimise disruption to fish migration and the flowering and fruiting of marine plants
Works should be managed to avoid fish stress. Signs of distressed fish may include gasping at the surface, rapid breathing, rolling or lethargy.",Accepted development requirements for operational work that is constructing or raising waterway barrier works - Section 4.4 Guidance to minimise impacts,ADR-WWBW,Work Instruction for Waterway Barrier Works ADR / RRP Exemption Requirements to be developed to outline the standards and controls for watercourse crossings on the Project.,,,,,5,Ongoing,,,,,,,,DanielBlunt@dtinfrastructure.com.au,Environmental and Sustainability Team,Engineering and Design Team; Construction Manager,Not started,,Not assessed,,,False,True,False,False,,"Source cell range: 'ADR WWBW Conditions'!A9:K9
TP002 Project Stage: During construction
TP002 Responsibility: Environmental and Sustainability Team / Engineering and Design Team / Construction Manager
Excel comment (E9, Allison Brunott): Proposed control to document ADR without having to list them all within CEMP - also WI could be provided to Engineering/Construction teams to assist with planning and design requirements."
ADR-005,ADR WWBW Conditions,10,'ADR WWBW Conditions'!A10,,,,WWBW #1 / WWBW #2,Construction,"Duration For works in amber and green waterways, works must commence and finish within a maximum timeframe of 360 days. Instream sediment control measures associated with the works must be removed within these periods.","Duration
For works in amber and green waterways, works must commence and finish within a maximum timeframe of 360 days.
Instream sediment control measures associated with the works must be removed within these periods.",Accepted development requirements for operational work that is constructing or raising waterway barrier works - Section 7.2 Temporary waterway barrier works,ADR-WWBW,Duration / timeframe for works tracked in OMF DAF WWBW Notification Register,,,,,5,Ongoing,,,,,,,,DanielBlunt@dtinfrastructure.com.au,Environmental and Sustainability Team,Construction Manager,Not started,,Not assessed,,,False,True,False,False,,"Source cell range: 'ADR WWBW Conditions'!A10:K10
TP002 Project Stage: During construction
TP002 Responsibility: Environmental and Sustainability Team / Construction Manager"
ADR-006,ADR WWBW Conditions,11,'ADR WWBW Conditions'!A11,,,,WWBW #1 / WWBW #2,Construction,Waterway barrier work construction and design The dimensions of the temporary barrier are limited to the minimum practicable for the site and purpose.,"Waterway barrier work construction and design
The dimensions of the temporary barrier are limited to the minimum practicable for the site and purpose.",Accepted development requirements for operational work that is constructing or raising waterway barrier works - Section 7.2 Temporary waterway barrier works,ADR-WWBW,Work Instruction for Waterway Barrier Works ADR / RRP Exemption Requirements to be developed to outline the standards and controls for watercourse crossings on the Project.,,,,,5,Ongoing,,,,,,,,DanielBlunt@dtinfrastructure.com.au,Environmental and Sustainability Team,Engineering and Design Team; Construction Manager,Not started,,Not assessed,,,False,True,False,False,,"Source cell range: 'ADR WWBW Conditions'!A11:K11
TP002 Project Stage: During construction
TP002 Responsibility: Environmental and Sustainability Team / Engineering and Design Team / Construction Manager
Excel comment (E11, Allison Brunott): Proposed control to document ADR without having to list them all within CEMP - also WI could be provided to Engineering/Construction teams to assist with planning and design requirements."
ADR-007,ADR WWBW Conditions,12,'ADR WWBW Conditions'!A12,,,,WWBW #1 / WWBW #2,Construction,"Removal of temporary waterway barrier If there is more than one temporary waterway barrier in the location, the most downstream waterway barrier must be removed first. All waterway barrier material must be removed from within the waterway and dispos…","Removal of temporary waterway barrier
If there is more than one temporary waterway barrier in the location, the most downstream waterway barrier must be removed first.
All waterway barrier material must be removed from within the waterway and disposed of at least 50m away from the waterway.",Accepted development requirements for operational work that is constructing or raising waterway barrier works - Section 7.2 Temporary waterway barrier works,ADR-WWBW,Work Instruction for Waterway Barrier Works ADR / RRP Exemption Requirements to be developed to outline the standards and controls for watercourse crossings on the Project.,,,,,5,Ongoing,,,,,,,,DanielBlunt@dtinfrastructure.com.au,Environmental and Sustainability Team,Engineering and Design Team; Construction Manager,Not started,,Not assessed,,,False,True,False,False,,"Source cell range: 'ADR WWBW Conditions'!A12:K12
TP002 Project Stage: During construction
TP002 Responsibility: Environmental and Sustainability Team / Engineering and Design Team / Construction Manager
Excel comment (E12, Allison Brunott): Proposed control to document ADR without having to list them all within CEMP - also WI could be provided to Engineering/Construction teams to assist with planning and design requirements."
BC-DA-001,Bridge Creek DA Conditions,6,'Bridge Creek DA Conditions'!A6,,1,,"Bridge Creek Diversion, Ormeau",Construction,Development limited to approved waterway diversion and permanent filling works as shown on approved General Arrangement drawing ENG-GA0041A Rev 1.01.,Development limited to approved waterway diversion and permanent filling works as shown on approved General Arrangement drawing ENG-GA0041A Rev 1.01.,"Condition 1, SARA Ref 2402-39300 SDA",SDA-2402-39300,Ensure all works are undertaken only within approved footprint and design.,,"Approved plans, site inspections",,,5,Ongoing,At all times,,,,,,Ongoing,DanielBlunt@dtinfrastructure.com.au,Project Manager,,Underway,,Not assessed,Compare to GIS as evidence,,False,True,False,False,,"Source cell range: 'Bridge Creek DA Conditions'!A6:N6
Permit / decision notice: 2402-39300 SDA
TP002 Compliance Status: Not completed
TP002 Responsibility: Project Manager
Citations (requirement): [2402-39300...A Decision | PDF]
Citations (source_ref): [2402-39300...A Decision | PDF]
Citations (timing): [2402-39300...A Decision | PDF]"
BC-DA-002,Bridge Creek DA Conditions,7,'Bridge Creek DA Conditions'!A7,,2,,Bridge Creek Diversion,Construction,Construct diversion in accordance with approved long sections and typical section drawings.,Construct diversion in accordance with approved long sections and typical section drawings.,Condition 2,SDA-2402-39300,"Verify construction matches approved drawings EN-LS0041A, EN-LS0042A, EN-TC0043A.",,"Survey records, as-constructed drawings",,,5,Ongoing,Duration of works,,,,,,During construction,,Construction Manager,,Underway,,Not assessed,Compare to GIS as evidence,,False,True,False,False,,"Source cell range: 'Bridge Creek DA Conditions'!A7:N7
Permit / decision notice: 2402-39300 SDA
TP002 Compliance Status: Not completed
TP002 Responsibility: Construction Manager"
BC-DA-003,Bridge Creek DA Conditions,8,'Bridge Creek DA Conditions'!A8,,3,,Bridge Creek Diversion,Construction and operation,"Undertake maintenance, monitoring and rehabilitation in accordance with approved Rehabilitation and Monitoring Plans.","Undertake maintenance, monitoring and rehabilitation in accordance with approved Rehabilitation and Monitoring Plans.",Condition 3,SDA-2402-39300,Implement rehabilitation works and monitoring program.,,"Monitoring reports, rehabilitation records",,,5,Ongoing,As specified in plans,,,,,,As per monitoring schedule,SamMoraes@dtinfrastructure.com.au,Environmental Manager,,Not started,,Not assessed,In Landscaping Scope,,False,True,False,False,,"Source cell range: 'Bridge Creek DA Conditions'!A8:N8
Permit / decision notice: 2402-39300 SDA
TP002 Project Stage: Construction / Rehabilitation
TP002 Compliance Status: Not completed
TP002 Responsibility: Environmental Manager
Links (not hyperlinked): N/A - until completion"
BC-DA-004,Bridge Creek DA Conditions,9,'Bridge Creek DA Conditions'!A9,,4,,Waterway Works,Construction,Dewatering and fish salvage to comply with approved Construction Phase Dewatering and Fish Salvage Plan.,Dewatering and fish salvage to comply with approved Construction Phase Dewatering and Fish Salvage Plan.,Condition 4,SDA-2402-39300,Implement approved fish salvage and dewatering procedures.,,"Fish salvage records, field sheets",,,5,Ongoing,Duration of works,,,,,,During works,SamMoraes@dtinfrastructure.com.au,Environmental Manager,Contractor,Complete,,Not assessed,Evidence Link required,,False,True,False,False,,"Source cell range: 'Bridge Creek DA Conditions'!A9:N9
Permit / decision notice: 2402-39300 SDA
TP002 Compliance Status: Completed
TP002 Responsibility: Environmental Manager / Contractor"
BC-DA-005,Bridge Creek DA Conditions,10,'Bridge Creek DA Conditions'!A10,,5,,Waterway Works,Completion,Notify Department of Agriculture and Fisheries of commencement and completion of works.,Notify Department of Agriculture and Fisheries of commencement and completion of works.,Condition 5,SDA-2402-39300,Submit commencement and completion notifications quoting SARA reference 2402-39300 SDA.,,Email notifications sent to DAF,,,5,Once,5-20 business days before start; within 15 business days of completion.,,,,,,Trigger based,DanielBlunt@dtinfrastructure.com.au,Project Manager,,Underway,,Not assessed,Required at end of conditions,,False,True,False,False,BC-DA-005|COMPLETE,"Source cell range: 'Bridge Creek DA Conditions'!A10:N10
Permit / decision notice: 2402-39300 SDA
TP002 Project Stage: Pre-construction / Completion
TP002 Compliance Status: Not completed
TP002 Responsibility: Project Manager"
BC-DA-006,Bridge Creek DA Conditions,11,'Bridge Creek DA Conditions'!A11,,6,,Waterway Works,Construction,Spoil must not be disposed of within waterways.,Spoil must not be disposed of within waterways.,Condition 6,SDA-2402-39300,Manage and dispose of spoil outside waterway areas.,,Waste tracking records,,,5,Ongoing,At all times,,,,,,Ongoing,,Site Supervisor,,Underway,,Not assessed,Verify at completion of project,,False,True,False,False,,"Source cell range: 'Bridge Creek DA Conditions'!A11:N11
Permit / decision notice: 2402-39300 SDA
TP002 Compliance Status: Not completed
TP002 Responsibility: Site Supervisor"
BC-DA-007,Bridge Creek DA Conditions,12,'Bridge Creek DA Conditions'!A12,,7,,Waterway Works,Construction,Site must remain open for inspection by Fisheries inspectors.,Site must remain open for inspection by Fisheries inspectors.,Condition 7,SDA-2402-39300,Allow inspector access to fisheries development works.,,Inspection records,,,5,Ongoing,At all times,,,,,,Ongoing,,Site Manager,,Complete,,Not assessed,"Site is open to Inspectors.
DAF correspondence: The Department believes that appropriate steps will be taken to address the above issues. In light of this, compliance action is not being considered at this time.",,False,True,False,False,,"Source cell range: 'Bridge Creek DA Conditions'!A12:N12
Permit / decision notice: 2402-39300 SDA
TP002 Compliance Status: Completed
TP002 Responsibility: Site Manager"
BC-DA-008,Bridge Creek DA Conditions,13,'Bridge Creek DA Conditions'!A13,,8,,Tie-in Areas,Completion,Restore temporarily disturbed land profiles at diversion tie-ins to pre-work profiles.,Restore temporarily disturbed land profiles at diversion tie-ins to pre-work profiles.,Condition 8,SDA-2402-39300,Re-establish original profiles and stabilise disturbed areas.,,"Survey records, photographs",,,5,Once,Within 10 business days of completion and before post-works notification.,,,Practical completion,14,,Completion,,Construction Manager,,Not started,,Not assessed,Confirm within 10 days as required,,False,True,False,False,,"Source cell range: 'Bridge Creek DA Conditions'!A13:N13
Permit / decision notice: 2402-39300 SDA
TP002 Compliance Status: Not completed
TP002 Responsibility: Construction Manager
Links (not hyperlinked): N/A - until completion"
BC-DA-009,Bridge Creek DA Conditions,14,'Bridge Creek DA Conditions'!A14,,9,,Waterway Diversion,Construction and operation,Provide upstream and downstream fish passage across each waterway barrier.,Provide upstream and downstream fish passage across each waterway barrier.,Condition 9,SDA-2402-39300,Maintain uninterrupted fish passage.,,Inspection and monitoring records,,,5,Ongoing,At all times,,,,,,Ongoing,DanielBlunt@dtinfrastructure.com.au,Project Manager,,Underway,,Not assessed,Fish Passage open. Partail waterway barriers only. GIS drone images as evidence,,False,True,False,False,,"Source cell range: 'Bridge Creek DA Conditions'!A14:N14
Permit / decision notice: 2402-39300 SDA
TP002 Project Stage: Design / Construction / Operation
TP002 Compliance Status: Ongoing
TP002 Responsibility: Project Manager"
BC-DA-010,Bridge Creek DA Conditions,15,'Bridge Creek DA Conditions'!A15,,10,,Waterway Diversion,Construction and operation,"Fish passage must cater for whole fish community, including species, life stages and swimming abilities.","Fish passage must cater for whole fish community, including species, life stages and swimming abilities.",Condition 10,SDA-2402-39300,Ensure fish passage design and operation remain compliant.,,Monitoring reports,,,5,Ongoing,At all times,,,,,,Ongoing,SamMoraes@dtinfrastructure.com.au,Environmental Manager,,Underway,,Not assessed,Fish Passage open. Partail waterway barriers only. GIS drone images as evidence,,False,True,False,False,,"Source cell range: 'Bridge Creek DA Conditions'!A15:N15
Permit / decision notice: 2402-39300 SDA
TP002 Project Stage: Design / Construction / Operation
TP002 Compliance Status: Ongoing
TP002 Responsibility: Environmental Manager
Links (not hyperlinked): ?"
BC-DA-011,Bridge Creek DA Conditions,16,'Bridge Creek DA Conditions'!A16,,11,,Waterway Diversion,Construction and operation,"Construct and maintain barriers to avoid fish injury, mortality or entrapment.","Construct and maintain barriers to avoid fish injury, mortality or entrapment.",Condition 11,SDA-2402-39300,Inspect and maintain structures to prevent hazards to fish.,,Inspection records,,,5,Ongoing,At all times,,,,,,Ongoing,,Asset Owner / Operator,Contractor,Underway,,Not assessed,Low flow channel unimpeded at all times,,False,True,False,False,,"Source cell range: 'Bridge Creek DA Conditions'!A16:N16
Permit / decision notice: 2402-39300 SDA
TP002 Project Stage: Construction / Operation
TP002 Compliance Status: Ongoing
TP002 Responsibility: Asset Owner / Contractor"
BC-DA-012,Bridge Creek DA Conditions,17,'Bridge Creek DA Conditions'!A17,,12,,Waterway Diversion,Operation,"Maintain fish passage functionality, ensuring no sudden drops and low-flow channel remains clear of debris.","Maintain fish passage functionality, ensuring no sudden drops and low-flow channel remains clear of debris.",Condition 12,SDA-2402-39300,Inspect and maintain diversion channel.,,Maintenance logs,,,5,Ongoing,At all times,,,,,,Ongoing,,Asset Owner / Operator,,Underway,,Not assessed,"No drops, Low flow channel open",,False,True,False,False,,"Source cell range: 'Bridge Creek DA Conditions'!A17:N17
Permit / decision notice: 2402-39300 SDA
TP002 Project Stage: Operation / Maintenance
TP002 Compliance Status: Ongoing
TP002 Responsibility: Maintenance Manager
Links (not hyperlinked): drawings?"
BC-DA-013,Bridge Creek DA Conditions,18,'Bridge Creek DA Conditions'!A18,,13,,Waterway Works,Construction,Avoid works within waterways during elevated flow events.,Avoid works within waterways during elevated flow events.,Condition 13,SDA-2402-39300,Suspend waterway works during high flow conditions.,,"Site diary, weather records",,,5,Ongoing,Duration of works,,,,,,As required,,Construction Manager,,Underway,,Not assessed,No works recorded in high flow events,,False,True,False,False,,"Source cell range: 'Bridge Creek DA Conditions'!A18:N18
Permit / decision notice: 2402-39300 SDA
TP002 Compliance Status: Ongoing
TP002 Responsibility: Construction Manager"
BC-DA-014,Bridge Creek DA Conditions,19,'Bridge Creek DA Conditions'!A19,,14,,Waterway Diversion,Construction,Construct diversion so there are no drops in elevation at upstream and downstream tie-in locations.,Construct diversion so there are no drops in elevation at upstream and downstream tie-in locations.,Condition 14,SDA-2402-39300,Verify tie-ins provide continuous bed levels for fish passage.,,"Survey certification, as-constructed drawings",,,5,Ongoing,At all times,,,,,,During construction,,Construction Manager,,Underway,,Not assessed,Diversion incomplete,,False,True,False,False,,"Source cell range: 'Bridge Creek DA Conditions'!A19:N19
Permit / decision notice: 2402-39300 SDA
TP002 Compliance Status: Ongoing
TP002 Responsibility: Construction Manager
Links (not hyperlinked): .."
BC-DA-015,Bridge Creek DA Conditions,22,'Bridge Creek DA Conditions'!A22,,,,Bridge Creek Diversion,Pre-construction,"Construct and fully connect diversion channel before bunding, dewatering or infilling existing waterways.","Construct and fully connect diversion channel before bunding, dewatering or infilling existing waterways.",Fish Salvage Plan,PLAN-FISH-SALVAGE,Verify diversion is connected upstream and downstream prior to waterway isolation.,,"Inspection records, photos",,,5,Once,Prior to dewatering,,,,,,Prior to works,,Construction Manager,,Complete,,Not assessed,,,False,True,False,False,,"Source cell range: 'Bridge Creek DA Conditions'!A22:N22
Permit / decision notice: 2402-39300 SDA
TP002 Compliance Status: Completed
TP002 Responsibility: Construction Manager
Citations (requirement): [2402-39300...itions (1) | PDF]"
BC-DA-016,Bridge Creek DA Conditions,23,'Bridge Creek DA Conditions'!A23,,,,Bridge Creek Diversion,Construction,Undertake fish and turtle salvage before and during dewatering.,Undertake fish and turtle salvage before and during dewatering.,Fish Salvage Plan Table 1,PLAN-FISH-SALVAGE,Implement fish salvage procedure using approved methods.,,Salvage records,,,5,Trigger-based,During dewatering,,,,,,During works,SamMoraes@dtinfrastructure.com.au,Environmental Manager,,Not started,,Not assessed,,,False,True,False,False,,"Source cell range: 'Bridge Creek DA Conditions'!A23:N23
Permit / decision notice: 2402-39300 SDA
TP002 Responsibility: Environmental Manager
Citations (requirement): [2402-39300...itions (1) | PDF]"
BC-DA-017,Bridge Creek DA Conditions,24,'Bridge Creek DA Conditions'!A24,,,,Bridge Creek Diversion,Construction,Dewater progressively in stages with fish salvage undertaken following each 25% reduction in water volume.,Dewater progressively in stages with fish salvage undertaken following each 25% reduction in water volume.,Fish Salvage Plan Table 1,PLAN-FISH-SALVAGE,Monitor dewatering stages and complete salvage at each stage.,,Field records,,,5,Trigger-based,During dewatering,,,,,,During works,SamMoraes@dtinfrastructure.com.au,Environmental Manager,,Not started,,Not assessed,,,False,True,False,False,,"Source cell range: 'Bridge Creek DA Conditions'!A24:N24
Permit / decision notice: 2402-39300 SDA
TP002 Responsibility: Environmental Manager
Citations (requirement): [2402-39300...itions (1) | PDF]"
BC-DA-018,Bridge Creek DA Conditions,25,'Bridge Creek DA Conditions'!A25,,,,Bridge Creek Diversion,Construction,"Install fish protection screens on all pumps, siphons and pipe inlets.","Install fish protection screens on all pumps, siphons and pipe inlets.",Fish Salvage Plan Table 1,PLAN-FISH-SALVAGE,Inspect and verify compliant screens installed.,,Inspection checklist,,,5,Trigger-based,During pumping activities,,,,,,During works,,Site Supervisor,,Not started,,Not assessed,,,False,True,False,False,,"Source cell range: 'Bridge Creek DA Conditions'!A25:N25
Permit / decision notice: 2402-39300 SDA
TP002 Responsibility: Site Supervisor
Citations (requirement): [2402-39300...itions (1) | PDF]"
BC-DA-019,Bridge Creek DA Conditions,26,'Bridge Creek DA Conditions'!A26,,,,Bridge Creek Diversion,Construction,Undertake daily water quality monitoring during dewatering activities.,Undertake daily water quality monitoring during dewatering activities.,Fish Salvage Plan Table 1,PLAN-FISH-SALVAGE,Monitor turbidity and dissolved oxygen.,,Monitoring logs,,,5,Trigger-based,Daily during dewatering,,,,,,Daily,RichardKightley@dtinfrastructure.com.au,Environmental Advisor,,Not started,,Not assessed,,,False,True,False,False,,"Source cell range: 'Bridge Creek DA Conditions'!A26:N26
Permit / decision notice: 2402-39300 SDA
TP002 Responsibility: Environmental Advisor
Citations (requirement): [2402-39300...itions (1) | PDF]"
BC-DA-020,Bridge Creek DA Conditions,27,'Bridge Creek DA Conditions'!A27,,,,Bridge Creek Diversion,Construction,Maintain turbidity within 10% of baseline maximum values.,Maintain turbidity within 10% of baseline maximum values.,Fish Salvage Plan Table 1,PLAN-FISH-SALVAGE,Implement corrective actions if trigger exceeded.,,Water quality reports,,,5,Trigger-based,Daily monitoring,,,,,,During works,RichardKightley@dtinfrastructure.com.au,Environmental Advisor,,Not started,,Not assessed,,,False,True,False,False,,"Source cell range: 'Bridge Creek DA Conditions'!A27:N27
Permit / decision notice: 2402-39300 SDA
TP002 Responsibility: Environmental Advisor
Citations (requirement): [2402-39300...itions (1) | PDF]"
BC-DA-021,Bridge Creek DA Conditions,28,'Bridge Creek DA Conditions'!A28,,,,Bridge Creek Diversion,Construction,Maintain dissolved oxygen above 3.8 mg/L.,Maintain dissolved oxygen above 3.8 mg/L.,Fish Salvage Plan Table 1,PLAN-FISH-SALVAGE,Aerate water where required.,,Water quality reports,,,5,Trigger-based,Daily monitoring,,,,,,During works,RichardKightley@dtinfrastructure.com.au,Environmental Advisor,,Not started,,Not assessed,,,False,True,False,False,,"Source cell range: 'Bridge Creek DA Conditions'!A28:N28
Permit / decision notice: 2402-39300 SDA
TP002 Responsibility: Environmental Advisor
Citations (requirement): [2402-39300...itions (1) | PDF]"
BC-DA-022,Bridge Creek DA Conditions,29,'Bridge Creek DA Conditions'!A29,,,,Bridge Creek Diversion,Construction,Notify DAF in the event of a fish kill.,Notify DAF in the event of a fish kill.,Fish Salvage Plan Table 1,PLAN-FISH-SALVAGE,Submit incident notification.,,Notification records,,,5,Trigger-based,As required,,,,,,Trigger based,SamMoraes@dtinfrastructure.com.au,Environmental Manager,,Not started,,Not assessed,,,False,True,False,False,,"Source cell range: 'Bridge Creek DA Conditions'!A29:N29
Permit / decision notice: 2402-39300 SDA
TP002 Responsibility: Environmental Manager
Citations (requirement): [2402-39300...itions (1) | PDF]
Links (not hyperlinked): N/A - no current records"
BC-DA-023,Bridge Creek DA Conditions,30,'Bridge Creek DA Conditions'!A30,,,,Bridge Creek Diversion,Construction,Notify DES in the event of turtle mortality.,Notify DES in the event of turtle mortality.,Fish Salvage Plan Table 1,PLAN-FISH-SALVAGE,Submit incident notification.,,Notification records,,,5,Trigger-based,As required,,,,,,Trigger based,SamMoraes@dtinfrastructure.com.au,Environmental Manager,,Not started,,Not assessed,,,False,True,False,False,,"Source cell range: 'Bridge Creek DA Conditions'!A30:N30
Permit / decision notice: 2402-39300 SDA
TP002 Responsibility: Environmental Manager
Citations (requirement): [2402-39300...itions (1) | PDF]
Links (not hyperlinked): N/A - no current records"
BC-DA-024,Bridge Creek DA Conditions,31,'Bridge Creek DA Conditions'!A31,,,,Bridge Creek Diversion,Construction,"Record fish species, quantities and sizes salvaged and provide report to DAF.","Record fish species, quantities and sizes salvaged and provide report to DAF.",Fish Salvage Plan Table 1,PLAN-FISH-SALVAGE,Maintain salvage register and submit report.,,DAF report,,,5,Once,Following salvage works,,,,,,Completion of salvage,SamMoraes@dtinfrastructure.com.au,Environmental Manager,,Not started,,Not assessed,,,False,True,False,False,,"Source cell range: 'Bridge Creek DA Conditions'!A31:N31
Permit / decision notice: 2402-39300 SDA
TP002 Responsibility: Environmental Manager
Citations (requirement): [2402-39300...itions (1) | PDF]"
BC-DA-025,Bridge Creek DA Conditions,32,'Bridge Creek DA Conditions'!A32,,,,Bridge Creek Diversion,Construction,Euthanise pest fish species and prevent release to receiving waters.,Euthanise pest fish species and prevent release to receiving waters.,Fish Salvage Plan Table 1,PLAN-FISH-SALVAGE,Identify and dispose of pest fish appropriately.,,Salvage records,,,5,Trigger-based,During salvage,,,,,,During works,RichardKightley@dtinfrastructure.com.au,Environmental Advisor,,Not started,,Not assessed,,,False,True,False,False,,"Source cell range: 'Bridge Creek DA Conditions'!A32:N32
Permit / decision notice: 2402-39300 SDA
TP002 Responsibility: Environmental Advisor
Citations (requirement): [2402-39300...itions (1) | PDF]
Links (not hyperlinked): N/A - no current records"
BC-DA-026,Bridge Creek DA Conditions,33,'Bridge Creek DA Conditions'!A33,,,,Bridge Creek Diversion,Rehabilitation and monitoring,Maintain a clearly defined low-flow and moderate-flow channel.,Maintain a clearly defined low-flow and moderate-flow channel.,Rehabilitation & Remediation Plan,PLAN-REHAB,Construct and maintain channels as designed.,,Inspection reports,,,5,Ongoing,Ongoing,,,,,,Ongoing,,Construction Manager,,Not started,,Not assessed,,,False,True,False,False,,"Source cell range: 'Bridge Creek DA Conditions'!A33:N33
Permit / decision notice: 2402-39300 SDA
TP002 Project Stage: Rehabilitation
TP002 Responsibility: Construction Manager
Citations (requirement): [2402-39300...itions (1) | PDF]"
BC-DA-027,Bridge Creek DA Conditions,34,'Bridge Creek DA Conditions'!A34,,,,Bridge Creek Diversion,Rehabilitation and monitoring,Ensure no abrupt bed level changes occur throughout diversion alignment.,Ensure no abrupt bed level changes occur throughout diversion alignment.,Rehabilitation & Remediation Plan,PLAN-REHAB,Verify levels during construction and inspections.,,Survey records,,,5,Ongoing,Construction and operation,,,,,,Ongoing,,Construction Manager,,Not started,,Not assessed,,,False,True,False,False,,"Source cell range: 'Bridge Creek DA Conditions'!A34:N34
Permit / decision notice: 2402-39300 SDA
TP002 Project Stage: Rehabilitation
TP002 Responsibility: Construction Manager
Citations (requirement): [2402-39300...itions (1) | PDF]"
BC-DA-028,Bridge Creek DA Conditions,35,'Bridge Creek DA Conditions'!A35,,,,Bridge Creek Diversion,Rehabilitation and monitoring,Install aquatic habitat features including pools connected to low-flow channel.,Install aquatic habitat features including pools connected to low-flow channel.,Rehabilitation & Remediation Plan,PLAN-REHAB,Construct habitat features in accordance with design.,,As-built records,,,5,Ongoing,Construction,,,,,,Completion of works,,Construction Manager,,Not started,,Not assessed,,,False,True,False,False,,"Source cell range: 'Bridge Creek DA Conditions'!A35:N35
Permit / decision notice: 2402-39300 SDA
TP002 Project Stage: Rehabilitation
TP002 Responsibility: Construction Manager
Citations (requirement): [2402-39300...itions (1) | PDF]
Links (not hyperlinked): N/A - until completion"
BC-DA-029,Bridge Creek DA Conditions,36,'Bridge Creek DA Conditions'!A36,,,,Bridge Creek Diversion,Rehabilitation and monitoring,"Establish aquatic rehabilitation zones across channel bed, banks and top banks.","Establish aquatic rehabilitation zones across channel bed, banks and top banks.",Rehabilitation & Remediation Plan,PLAN-REHAB,Undertake planting program.,,Planting records,,,5,Ongoing,Rehabilitation phase,,,,,,Rehabilitation period,SamMoraes@dtinfrastructure.com.au,Environmental Manager,,Not started,,Not assessed,,,False,True,False,False,,"Source cell range: 'Bridge Creek DA Conditions'!A36:N36
Permit / decision notice: 2402-39300 SDA
TP002 Project Stage: Rehabilitation
TP002 Responsibility: Environmental Manager
Citations (requirement): [2402-39300...itions (1) | PDF]
Links (not hyperlinked): N/A - until completion"
BC-DA-030,Bridge Creek DA Conditions,37,'Bridge Creek DA Conditions'!A37,,,,Bridge Creek Diversion,Rehabilitation and monitoring,Ensure no individual plant species exceeds 30% of planted composition per category.,Ensure no individual plant species exceeds 30% of planted composition per category.,Rehabilitation & Remediation Plan,PLAN-REHAB,Review planting schedule and species counts.,,Planting register,,,5,Trigger-based,During planting,,,,,,Rehabilitation period,RichardKightley@dtinfrastructure.com.au,Environmental Advisor,,Not started,,Not assessed,,,False,True,False,False,,"Source cell range: 'Bridge Creek DA Conditions'!A37:N37
Permit / decision notice: 2402-39300 SDA
TP002 Project Stage: Rehabilitation
TP002 Responsibility: Environmental Advisor
Citations (requirement): [2402-39300...itions (1) | PDF]
Links (not hyperlinked): N/A - until completion"
BC-DA-031,Bridge Creek DA Conditions,38,'Bridge Creek DA Conditions'!A38,,,,Bridge Creek Diversion,Construction,Implement Erosion and Sediment Control Management Plan.,Implement Erosion and Sediment Control Management Plan.,Rehabilitation & Remediation Plan,PLAN-REHAB,Install and maintain erosion and sediment controls.,,ESC inspections,,,5,Ongoing,Construction phase,,,,,,Ongoing,,Site Supervisor,,Not started,,Not assessed,,,False,True,False,False,,"Source cell range: 'Bridge Creek DA Conditions'!A38:N38
Permit / decision notice: 2402-39300 SDA
TP002 Responsibility: Site Supervisor
Citations (requirement): [2402-39300...itions (1) | PDF]"
BC-DA-032,Bridge Creek DA Conditions,39,'Bridge Creek DA Conditions'!A39,,,,Bridge Creek Diversion,Construction,Implement Acid Sulfate Soil Management Plan.,Implement Acid Sulfate Soil Management Plan.,Rehabilitation & Remediation Plan,PLAN-REHAB,Manage acid sulfate soils in accordance with approved plan.,,ASS management records,,,5,Ongoing,Construction phase,,,,,,Ongoing,SamMoraes@dtinfrastructure.com.au,Environmental Manager,,Not started,,Not assessed,,,False,True,False,False,,"Source cell range: 'Bridge Creek DA Conditions'!A39:N39
Permit / decision notice: 2402-39300 SDA
TP002 Responsibility: Environmental Manager
Citations (requirement): [2402-39300...itions (1) | PDF]
Links (not hyperlinked): ?"
BC-DA-033,Bridge Creek DA Conditions,40,'Bridge Creek DA Conditions'!A40,,,,Bridge Creek Diversion,Construction,Implement construction-phase water quality monitoring including trigger levels and corrective actions.,Implement construction-phase water quality monitoring including trigger levels and corrective actions.,Rehabilitation & Remediation Plan,PLAN-REHAB,Conduct monitoring and respond to non-conformances.,,Monitoring reports,,,5,Ongoing,Construction phase,,,,,,Ongoing,RichardKightley@dtinfrastructure.com.au,Environmental Advisor,,Not started,,Not assessed,,,False,True,False,False,,"Source cell range: 'Bridge Creek DA Conditions'!A40:N40
Permit / decision notice: 2402-39300 SDA
TP002 Responsibility: Environmental Advisor
Citations (requirement): [2402-39300...itions (1) | PDF]
Links (not hyperlinked): monthly reports?"
BC-DA-034,Bridge Creek DA Conditions,41,'Bridge Creek DA Conditions'!A41,,,,Bridge Creek Diversion,Rehabilitation and monitoring,"Undertake fish passage monitoring at upstream, diversion and downstream locations.","Undertake fish passage monitoring at upstream, diversion and downstream locations.",Fish Passage Monitoring Plan,PLAN-FISH-PASSAGE,Conduct monitoring surveys.,,Monitoring reports,,,5,Milestone,"Years 1, 2 and 5 post-construction",,,Practical completion,,,Scheduled,SamMoraes@dtinfrastructure.com.au,Environmental Manager,,Not started,,Not assessed,,,False,True,False,False,BC-DA-034|Y1,"Source cell range: 'Bridge Creek DA Conditions'!A41:N41
Permit / decision notice: 2402-39300 SDA
TP002 Project Stage: Monitoring
TP002 Responsibility: Environmental Manager
Citations (requirement): [2402-39300...itions (1) | PDF]
Links (not hyperlinked): ?"
BC-DA-035,Bridge Creek DA Conditions,42,'Bridge Creek DA Conditions'!A42,,,,Bridge Creek Diversion,Rehabilitation and monitoring,Complete one base-flow and one moderate-flow survey during each monitoring year.,Complete one base-flow and one moderate-flow survey during each monitoring year.,Fish Passage Monitoring Plan,PLAN-FISH-PASSAGE,Schedule and undertake monitoring events.,,Survey reports,,,5,Milestone,"Years 1, 2 and 5",,,Practical completion,,,Scheduled,SamMoraes@dtinfrastructure.com.au,Environmental Manager,,Not started,,Not assessed,,,False,True,False,False,BC-DA-035|Y1,"Source cell range: 'Bridge Creek DA Conditions'!A42:N42
Permit / decision notice: 2402-39300 SDA
TP002 Project Stage: Monitoring
TP002 Responsibility: Environmental Manager
Citations (requirement): [2402-39300...itions (1) | PDF]
Links (not hyperlinked): ?"
BC-DA-036,Bridge Creek DA Conditions,43,'Bridge Creek DA Conditions'!A43,,,,Bridge Creek Diversion,Rehabilitation and monitoring,Investigate performance failures and implement corrective actions where fish passage targets are not achieved.,Investigate performance failures and implement corrective actions where fish passage targets are not achieved.,Fish Passage Monitoring Plan,PLAN-FISH-PASSAGE,Complete investigation and corrective actions.,,Corrective action records,,,5,Trigger-based,As required,,,,,,Trigger based,SamMoraes@dtinfrastructure.com.au,Environmental Manager,,Not started,,Not assessed,,,False,True,False,False,,"Source cell range: 'Bridge Creek DA Conditions'!A43:N43
Permit / decision notice: 2402-39300 SDA
TP002 Project Stage: Monitoring
TP002 Responsibility: Environmental Manager
Citations (requirement): [2402-39300...itions (1) | PDF]"
BC-DA-037,Bridge Creek DA Conditions,44,'Bridge Creek DA Conditions'!A44,,,,Bridge Creek Diversion,Rehabilitation and monitoring,Submit interim Year 1 and Year 2 reports and final Year 5 report to DAF.,Submit interim Year 1 and Year 2 reports and final Year 5 report to DAF.,Fish Passage Monitoring Plan,PLAN-FISH-PASSAGE,Prepare and submit monitoring reports.,,Submitted reports,,,5,Milestone,Reporting milestones,,,Practical completion,,,Scheduled,SamMoraes@dtinfrastructure.com.au,Environmental Manager,,Not started,,Not assessed,,,False,True,False,False,BC-DA-037|Y1,"Source cell range: 'Bridge Creek DA Conditions'!A44:N44
Permit / decision notice: 2402-39300 SDA
TP002 Project Stage: Monitoring
TP002 Responsibility: Environmental Manager
Citations (requirement): [2402-39300...itions (1) | PDF]
Links (not hyperlinked): ?"
BC-DA-038,Bridge Creek DA Conditions,45,'Bridge Creek DA Conditions'!A45,,,,Bridge Creek Diversion,Rehabilitation and monitoring,Establish twenty permanent 2m x 2m quadrats in each rehabilitation area.,Establish twenty permanent 2m x 2m quadrats in each rehabilitation area.,Aquatic Plant Monitoring Plan,PLAN-AQUATIC-PLANT,Install quadrats and fixed photo points.,,Monitoring setup records,,,5,Once,Within 2 weeks of rehabilitation completion,,,Rehabilitation completion,14,,2 weeks post rehabilitation,RichardKightley@dtinfrastructure.com.au,Environmental Advisor,,Not started,,Not assessed,,,False,True,False,False,,"Source cell range: 'Bridge Creek DA Conditions'!A45:N45
Permit / decision notice: 2402-39300 SDA
TP002 Project Stage: Rehabilitation Monitoring
TP002 Responsibility: Environmental Advisor
Citations (requirement): [2402-39300...itions (1) | PDF]
Links (not hyperlinked): N/A - until completion"
BC-DA-039,Bridge Creek DA Conditions,46,'Bridge Creek DA Conditions'!A46,,,,Bridge Creek Diversion,Rehabilitation and monitoring,"Undertake aquatic plant monitoring at Years 1, 2 and 5.","Undertake aquatic plant monitoring at Years 1, 2 and 5.",Aquatic Plant Monitoring Plan,PLAN-AQUATIC-PLANT,Conduct vegetation assessments.,,Monitoring reports,,,5,Milestone,"Years 1, 2 and 5",,,Rehabilitation completion,,,Scheduled,SamMoraes@dtinfrastructure.com.au,Environmental Manager,,Not started,,Not assessed,,,False,True,False,False,BC-DA-039|Y1,"Source cell range: 'Bridge Creek DA Conditions'!A46:N46
Permit / decision notice: 2402-39300 SDA
TP002 Project Stage: Rehabilitation Monitoring
TP002 Responsibility: Environmental Manager
Citations (requirement): [2402-39300...itions (1) | PDF]"
BC-DA-040,Bridge Creek DA Conditions,47,'Bridge Creek DA Conditions'!A47,,,,Bridge Creek Diversion,Rehabilitation and monitoring,Implement supplementary planting where species abundance is >20% below baseline.,Implement supplementary planting where species abundance is >20% below baseline.,Aquatic Plant Monitoring Plan,PLAN-AQUATIC-PLANT,Undertake revegetation works.,,Planting records,,,5,Trigger-based,As required,,,,,,Trigger based,SamMoraes@dtinfrastructure.com.au,Environmental Manager,,Not started,,Not assessed,,,False,True,False,False,,"Source cell range: 'Bridge Creek DA Conditions'!A47:N47
Permit / decision notice: 2402-39300 SDA
TP002 Project Stage: Rehabilitation Monitoring
TP002 Responsibility: Environmental Manager
Citations (requirement): [2402-39300...itions (1) | PDF]
Links (not hyperlinked): N/A - until completion"
BC-DA-041,Bridge Creek DA Conditions,48,'Bridge Creek DA Conditions'!A48,,,,Bridge Creek Diversion,Rehabilitation and monitoring,Implement weed control where weed cover exceeds 10% above baseline.,Implement weed control where weed cover exceeds 10% above baseline.,Aquatic Plant Monitoring Plan,PLAN-AQUATIC-PLANT,Undertake weed management.,,Weed treatment records,,,5,Trigger-based,As required,,,,,,Trigger based,SamMoraes@dtinfrastructure.com.au,Environmental Manager,,Not started,,Not assessed,,,False,True,False,False,,"Source cell range: 'Bridge Creek DA Conditions'!A48:N48
Permit / decision notice: 2402-39300 SDA
TP002 Project Stage: Rehabilitation Monitoring
TP002 Responsibility: Environmental Manager
Citations (requirement): [2402-39300...itions (1) | PDF]
Links (not hyperlinked): N/A - until completion"
BC-DA-042,Bridge Creek DA Conditions,49,'Bridge Creek DA Conditions'!A49,,,,Bridge Creek Diversion,Rehabilitation and monitoring,"Submit baseline, interim and final rehabilitation monitoring reports to DAF.","Submit baseline, interim and final rehabilitation monitoring reports to DAF.",Aquatic Plant Monitoring Plan,PLAN-AQUATIC-PLANT,Prepare and submit reports.,,Submitted reports,,,5,Milestone,Monitoring milestones,,,Rehabilitation completion,,,Scheduled,SamMoraes@dtinfrastructure.com.au,Environmental Manager,,Not started,,Not assessed,,,False,True,False,False,BC-DA-042|Y1,"Source cell range: 'Bridge Creek DA Conditions'!A49:N49
Permit / decision notice: 2402-39300 SDA
TP002 Project Stage: Rehabilitation Monitoring
TP002 Responsibility: Environmental Manager
Citations (requirement): [2402-39300...itions (1) | PDF]"
NN-DA-001,No Name DA Conditions,6,'No Name DA Conditions'!A6,,1,,"""Unamed tributary of Bridge Creek at Ormeau"" aka; No Name Creek",Construction and operation,Development limited to approved four waterway barrier works as specified in Condition 1:,Development limited to approved four waterway barrier works as specified in Condition 1:,"SARA Ref: 2506-46598 SDA, Attachment 1 Conditions",SDA-2506-46598,Construct works only in accordance with approved drawings and locations,,"Approved plans, site inspections",,,5,Ongoing,At all times,,,,,,Ongoing,DanielBlunt@dtinfrastructure.com.au,Project Manager,,Underway,,Not assessed,Compare to GIS as evidence,,False,True,False,False,,"Source cell range: 'No Name DA Conditions'!A6:N6
Permit / decision notice: 2506-46598 SDA
TP002 Project Stage: Construction / Operation
TP002 Compliance Status: Not completed - ongoing
TP002 Responsibility: DT Infrastructure
Checklist: works (a)-(d) from TP002 row 7 imported as Obligation Tasks (D-06)."
NN-DA-002,No Name DA Conditions,8,'No Name DA Conditions'!A8,,2,,"Pacific Highway, Ormeau – Waterway Barrier Works",Completion,Notify Department of Primary Industries of completion of fisheries development works,Notify Department of Primary Industries of completion of fisheries development works,"SARA Ref: 2506-46598 SDA, Attachment 1 Conditions",SDA-2506-46598,Submit written notice to notifications@dpi.qld.gov.au quoting ref 2506-46598 SDA,,Email notifications sent to DAF,,,5,Once,Within 15 business days of completion,,,Practical completion,21,,Upon Completion,DanielBlunt@dtinfrastructure.com.au,Project Manager,,Underway,,Not assessed,Required at end of conditions,,False,True,False,False,,"Source cell range: 'No Name DA Conditions'!A8:N8
Permit / decision notice: 2506-46598 SDA
TP002 Compliance Status: Not completed - ongoing
TP002 Responsibility: DT Infrastructure
Links (not hyperlinked): N/A - until completion"
NN-DA-003,No Name DA Conditions,9,'No Name DA Conditions'!A9,,3,,"Pacific Highway, Ormeau – Waterway Barrier Works",Construction,Spoil must not be disposed on tidal lands or in waterways; manage to prevent acid soil development,Spoil must not be disposed on tidal lands or in waterways; manage to prevent acid soil development,"SARA Ref: 2506-46598 SDA, Attachment 1 Conditions",SDA-2506-46598,Implement spoil and acid sulfate soil management controls,,"Inspection records / field sheets, photographs, survey records
Waste tracking records",,,5,Ongoing,At all times,,,,,,Ongoing,DanielBlunt@dtinfrastructure.com.au,Project Manager,Contractor,Underway,,Not assessed,Evidence Link required,,False,True,False,False,,"Source cell range: 'No Name DA Conditions'!A9:N9
Permit / decision notice: 2506-46598 SDA
TP002 Compliance Status: Ongoing
TP002 Responsibility: Contractor / DT Infrastructure"
NN-DA-004,No Name DA Conditions,10,'No Name DA Conditions'!A10,,4,,"Pacific Highway, Ormeau – Waterway Barrier Works",Construction and operation,Site must be open for inspection under Fisheries Act 1994,Site must be open for inspection under Fisheries Act 1994,"SARA Ref: 2506-46598 SDA, Attachment 1 Conditions",SDA-2506-46598,Allow inspector access as required,,,,,5,Ongoing,At all times,,,,,,Ongoing,DanielBlunt@dtinfrastructure.com.au,Project Manager,,Underway,,Not assessed,"DAF inspection completed (2025)
DAF correspondence: The Department believes that appropriate steps will be taken to address the above issues. In light of this, compliance action is not being considered at this time.",,False,True,False,False,,"Source cell range: 'No Name DA Conditions'!A10:N10
Permit / decision notice: 2506-46598 SDA
TP002 Project Stage: Construction / Operation
TP002 Compliance Status: Not completed - ongoing
TP002 Responsibility: DT Infrastructure
Excel comment (L10, Richard Kightley): (the fish specialist) Aquatic Biopassage Services attended the site on the 25th of September 2025 to review and make recommendations ( Evidence MEMO: Fish Passage issue at Ormeau rail facility)"
NN-DA-005,No Name DA Conditions,11,'No Name DA Conditions'!A11,,5,,"Pacific Highway, Ormeau – Waterway Barrier Works",Construction and operation,Provide upstream and downstream fish passage across each barrier,Provide upstream and downstream fish passage across each barrier,"SARA Ref: 2506-46598 SDA, Attachment 1 Conditions",SDA-2506-46598,Maintain fish passage functionality,,Inspection and monitoring records,,,5,Ongoing,At all times,,,,,,Ongoing,DanielBlunt@dtinfrastructure.com.au,Project Manager,,Underway,,Not assessed,Fish Passage open. Partail waterway barriers only. GIS drone images as evidence,,False,True,False,False,,"Source cell range: 'No Name DA Conditions'!A11:N11
Permit / decision notice: 2506-46598 SDA
TP002 Project Stage: Construction / Operation
TP002 Compliance Status: Ongoing
TP002 Responsibility: DT Infrastructure
Excel comment (F11, Richard Kightley): N/A during extended dry periods"
NN-DA-006,No Name DA Conditions,12,'No Name DA Conditions'!A12,,6,,"Pacific Highway, Ormeau – Waterway Barrier Works",Construction and operation,Fish passage must cater for whole fish community,Fish passage must cater for whole fish community,"SARA Ref: 2506-46598 SDA, Attachment 1 Conditions",SDA-2506-46598,"Design and maintain passage for species, life stages and flows",,Monitoring reports,,,5,Ongoing,At all times,,,,,,Ongoing,DanielBlunt@dtinfrastructure.com.au,Project Manager,,Underway,,Not assessed,Fish Passage open. Partail waterway barriers only. GIS drone images as evidence,,False,True,False,False,,"Source cell range: 'No Name DA Conditions'!A12:N12
Permit / decision notice: 2506-46598 SDA
TP002 Project Stage: Construction / Operation
TP002 Compliance Status: Ongoing
TP002 Responsibility: DT Infrastructure"
NN-DA-007,No Name DA Conditions,13,'No Name DA Conditions'!A13,,7,,"Pacific Highway, Ormeau – Waterway Barrier Works",Construction and operation,No drops in elevation at culvert aprons/scour protection/waterway bed interfaces,No drops in elevation at culvert aprons/scour protection/waterway bed interfaces,"SARA Ref: 2506-46598 SDA, Attachment 1 Conditions",SDA-2506-46598,Construct and maintain level transitions,,"Survey certification, as-constructed drawings",,,5,Ongoing,At all times,,,,,,Ongoing,DanielBlunt@dtinfrastructure.com.au,Project Manager,Contractor,Underway,,Not assessed,Diversion incomplete,,False,True,False,False,,"Source cell range: 'No Name DA Conditions'!A13:N13
Permit / decision notice: 2506-46598 SDA
TP002 Project Stage: Construction / Operation
TP002 Compliance Status: Not completed - ongoing
TP002 Responsibility: Contractor / DT Infrastructure
Links (not hyperlinked): drawings?"
NN-DA-008,No Name DA Conditions,14,'No Name DA Conditions'!A14,,8,,"Pacific Highway, Ormeau – Waterway Barrier Works",Construction and operation,"Avoid fish injury, mortality or entrapment","Avoid fish injury, mortality or entrapment","SARA Ref: 2506-46598 SDA, Attachment 1 Conditions",SDA-2506-46598,Construct and maintain barriers and infrastructure accordingly,,Inspection records,,,5,Ongoing,At all times,,,,,,Ongoing,DanielBlunt@dtinfrastructure.com.au,Project Manager,Contractor,Underway,,Not assessed,Low flow channel unimpeded at all times,,False,True,False,False,,"Source cell range: 'No Name DA Conditions'!A14:N14
Permit / decision notice: 2506-46598 SDA
TP002 Project Stage: Construction / Operation
TP002 Compliance Status: Ongoing
TP002 Responsibility: Contractor / DT Infrastructure"
NN-DA-009,No Name DA Conditions,15,'No Name DA Conditions'!A15,,9,,"Pacific Highway, Ormeau – Waterway Barrier Works",Construction and operation,Fish salvage and notification requirements if stranding/entrapment occurs,Fish salvage and notification requirements if stranding/entrapment occurs,"SARA Ref: 2506-46598 SDA, Attachment 1 Conditions",SDA-2506-46598,Undertake fish salvage and notify DPI,,Inspection and monitoring records,,,5,Trigger-based,When fish stranding/entrapment occurs,,,,,,As required,DanielBlunt@dtinfrastructure.com.au,Project Manager,,Underway,,Not assessed,Fish Passage open. Partail waterway barriers only. GIS drone images as evidence,,False,True,False,False,,"Source cell range: 'No Name DA Conditions'!A15:N15
Permit / decision notice: 2506-46598 SDA
TP002 Project Stage: Construction / Operation
TP002 Compliance Status: Ongoing
TP002 Responsibility: DT Infrastructure"
NN-DA-010,No Name DA Conditions,16,'No Name DA Conditions'!A16,,10,,"Pacific Highway, Ormeau – Waterway Barrier Works",Completion,Remove temporary waterway barrier (Western Haul Road Crossing),Remove temporary waterway barrier (Western Haul Road Crossing),"SARA Ref: 2506-46598 SDA, Attachment 1 Conditions",SDA-2506-46598,Remove temporary crossing,,Post-works notification form 13.02.2026,,,5,Once,By no later than 31 Jul 2026,,,,,2026-07-31,By no later than 31 Jul 2026,DanielBlunt@dtinfrastructure.com.au,Project Manager,,Complete,,Not assessed,Completed,,False,True,False,False,,"Source cell range: 'No Name DA Conditions'!A16:N16
Permit / decision notice: 2506-46598 SDA
TP002 Project Stage: Decommissioning
TP002 Compliance Status: Completed
TP002 Responsibility: DT Infrastructure"
NN-DA-011,No Name DA Conditions,17,'No Name DA Conditions'!A17,,11,,"Pacific Highway, Ormeau – Waterway Barrier Works",Rehabilitation and monitoring,Restore waterway profiles after removal of temporary barrier,Restore waterway profiles after removal of temporary barrier,"SARA Ref: 2506-46598 SDA, Attachment 1 Conditions",SDA-2506-46598,Reinstate channel profile to match upstream/downstream conditions,,"Monitoring reports, rehabilitation records",,,5,Once,Within 10 business days of removal and before post-works notification,,,Temporary barrier removal,14,,Completion,DanielBlunt@dtinfrastructure.com.au,Project Manager,,Not started,,Not assessed,In Landscaping Scope,,False,True,False,False,,"Source cell range: 'No Name DA Conditions'!A17:N17
Permit / decision notice: 2506-46598 SDA
TP002 Project Stage: Rehabilitation
TP002 Compliance Status: Not completed - rehabilitation
TP002 Responsibility: DT Infrastructure
Links (not hyperlinked): N/A - until completion"
MP-TNAR-001,Marine Plants DA Conditions,23,'Marine Plants DA Conditions'!A23,TNAR (2308-36075 SDA),1,,"46 Greyhound Road, Gilberton and 82 Prairie Road, Ormeau (the Site)",Construction,Development limited to temporary removal/damage/destruction of 57m² of marine plants (26 Casuarina glauca trees) as per approved plan.,Development limited to temporary removal/damage/destruction of 57m² of marine plants (26 Casuarina glauca trees) as per approved plan.,"Condition 1, SARA Decision Notice 2308-36075 SDA",SDA-2308-36075,Ensure works remain within approved disturbance footprint and scope.,,,,,5,Ongoing,At all times,,,,,,Ongoing during works,DanielBlunt@dtinfrastructure.com.au,Project Manager,Contractor,Underway,,Not assessed,Compare to GIS as evidence,,False,True,False,False,,"Source cell range: 'Marine Plants DA Conditions'!A23:N23
Permit / decision notice: 2308-36075 SDA
TP002 Project Stage: Operational Works
TP002 Compliance Status: Not completed - ongoing
TP002 Responsibility: Contractor / Project Manager
Unmapped (J): Ongoing"
MP-TNAR-002,Marine Plants DA Conditions,24,'Marine Plants DA Conditions'!A24,TNAR (2308-36075 SDA),2,,"46 Greyhound Road, Gilberton and 82 Prairie Road, Ormeau (the Site)",Construction,Notify Department of Agriculture and Fisheries (DAF) of commencement and completion of works. (a) will initially start; and (b) when it has been completed. Any notice must state the application’s reference number: 2308-36075 SDA,"Notify Department of Agriculture and Fisheries (DAF) of commencement and completion of works.
(a) will initially start; and
(b) when it has been completed.
Any notice must state the application’s reference number: 2308-36075
SDA",Condition 2,SDA-2308-36075,Submit commencement and completion notifications referencing permit 2308-36075 SDA.,,Email notifications sent to DAF,,,5,Once,"(a) Start: 5-20 business days before works
(b) Completion: within 15 business days after completion",,,,,,Trigger based,DanielBlunt@dtinfrastructure.com.au,Project Manager,,Underway,,Not assessed,Required at end of conditions,,False,True,False,False,MP-TNAR-002|COMPLETE,"Source cell range: 'Marine Plants DA Conditions'!A24:N24
Permit / decision notice: 2308-36075 SDA
TP002 Project Stage: Operational Works
TP002 Compliance Status: Not completed - ongoing
TP002 Responsibility: Project Manager
TP002 Project Location/Activity: Same project"
MP-TNAR-003,Marine Plants DA Conditions,25,'Marine Plants DA Conditions'!A25,TNAR (2308-36075 SDA),3,,"46 Greyhound Road, Gilberton and 82 Prairie Road, Ormeau (the Site)",Construction,Spoil must not be disposed on tidal lands or waterways and managed to prevent acid soil development.,Spoil must not be disposed on tidal lands or waterways and managed to prevent acid soil development.,Condition 3,SDA-2308-36075,Implement spoil management and disposal controls.,,"Inspection records / field sheets, photographs, survey records
Waste tracking records",,,5,Ongoing,At all times,,,,,,Ongoing,,Contractor,,Underway,,Not assessed,Evidence Link required,,False,True,False,False,,"Source cell range: 'Marine Plants DA Conditions'!A25:N25
Permit / decision notice: 2308-36075 SDA
TP002 Project Stage: Operational Works
TP002 Compliance Status: Ongoing
TP002 Responsibility: Contractor
TP002 Project Location/Activity: Same project"
MP-TNAR-004,Marine Plants DA Conditions,26,'Marine Plants DA Conditions'!A26,TNAR (2308-36075 SDA),4,,"46 Greyhound Road, Gilberton and 82 Prairie Road, Ormeau (the Site)",Construction,Development site must remain open for inspection by Fisheries inspector.,Development site must remain open for inspection by Fisheries inspector.,Condition 4,SDA-2308-36075,Provide access for authorised inspections.,,,,,5,Ongoing,At all times,,,,,,Ongoing,,Site Manager,,Underway,,Not assessed,"DAF inspection completed (2025)
DAF correspondence: The Department believes that appropriate steps will be taken to address the above issues. In light of this, compliance action is not being considered at this time.",,False,True,False,False,,"Source cell range: 'Marine Plants DA Conditions'!A26:N26
Permit / decision notice: 2308-36075 SDA
TP002 Project Stage: Operational Works
TP002 Compliance Status: Not completed - ongoing
TP002 Responsibility: Site Manager
TP002 Project Location/Activity: Same project
Excel comment (L26, Richard Kightley): (the fish specialist) Aquatic Biopassage Services attended the site on the 25th of September 2025 to review and make recommendations ( Evidence MEMO: Fish Passage issue at Ormeau rail facility)"
MP-TNAR-005,Marine Plants DA Conditions,27,'Marine Plants DA Conditions'!A27,TNAR (2308-36075 SDA),5a,,"46 Greyhound Road, Gilberton and 82 Prairie Road, Ormeau (the Site)",Construction,"Restore the area where marine plants are temporarily removed, damaged or destroyed by this development generally in accordance with the Marine plant restoration plan, prepared by WSP GHD Joint Venture, dated October 2023, reference QTMP-DJV-ONAENAP0…","Restore the area where marine plants are temporarily removed,
damaged or destroyed by this development generally in accordance
with the Marine plant restoration plan, prepared by WSP GHD Joint
Venture, dated October 2023, reference QTMP-DJV-ONAENAP00-
RPT-000001, revision E, and as amended in red by SARA on
25 October 2023.",Condition 5,SDA-2308-36075,"Undertake restoration, monitoring and reporting to DAF.",,"Monitoring reports, rehabilitation records",,,5,Ongoing,(a) As stated in the Marine plant restoration plan.,,,Restoration works completion,,,As per plan,SamMoraes@dtinfrastructure.com.au,Environmental Manager,,Not started,,Not assessed,In Landscaping Scope,,False,True,False,False,,"Source cell range: 'Marine Plants DA Conditions'!A27:N27
Permit / decision notice: 2308-36075 SDA
TP002 Project Stage: Operational Works
TP002 Compliance Status: Not completed - rehabilitation
TP002 Responsibility: Environmental Manager
Links (not hyperlinked): N/A - until completion
TP002 Project Location/Activity: Same project"
MP-TNAR-005B,Marine Plants DA Conditions,28,'Marine Plants DA Conditions'!A28,TNAR (2308-36075 SDA),5b,MP-TNAR-005,"46 Greyhound Road, Gilberton and 82 Prairie Road, Ormeau (the Site)",Construction,Submit monitoring reports to the Department of Agriculture and Fisheries at notifications@daf.qld.gov.au at: (i) any time(s) specified in the plan referenced in part (a) of this condition (ii) upon completion of the restoration works required by par…,"Submit monitoring reports to the Department of Agriculture and Fisheries at notifications@daf.qld.gov.au at:
(i) any time(s) specified in the plan referenced in part (a) of this condition
(ii) upon completion of the restoration works required by part (a) of this condition.",Condition 5,SDA-2308-36075,"Undertake restoration, monitoring and reporting to DAF.",,"Monitoring reports, rehabilitation records",,,5,Milestone,"b) (i) As stated.
(b) (ii) Within 10 business days of completion of the restoration works and within 5 years of any removal, damage or destruction of marine plants.",,,Restoration works completion,,,As per plan,SamMoraes@dtinfrastructure.com.au,Environmental Manager,,Not started,,Not assessed,In Landscaping Scope,,False,True,False,False,,"Source cell range: 'Marine Plants DA Conditions'!A28:N28
Permit / decision notice: 2308-36075 SDA
TP002 Project Stage: Operational Works
TP002 Compliance Status: Not completed - rehabilitation
TP002 Responsibility: Environmental Manager
Inherited from parent row: Marine Plants DA Conditions!row 27"
MP-TNAR-006,Marine Plants DA Conditions,29,'Marine Plants DA Conditions'!A29,TNAR (2308-36075 SDA),6a,,"46 Greyhound Road, Gilberton and 82 Prairie Road, Ormeau (the Site)",Construction,(a) Remove marine plants that have been authorised for removal as part of this development from the project area.,(a) Remove marine plants that have been authorised for removal as part of this development from the project area.,Condition 6,SDA-2308-36075,Remove vegetation/materials and dispose at licensed facility.,,"Inspection records / field sheets, photographs, survey records",,,5,Once,(a) As soon as reasonably practicable after the marine plants have been removed.,,,,,,Post works,,Contractor,,Underway,,Not assessed,Required at end of conditions,,False,True,False,False,,"Source cell range: 'Marine Plants DA Conditions'!A29:N29
Permit / decision notice: 2308-36075 SDA
TP002 Project Stage: Operational Works
TP002 Compliance Status: Not completed - ongoing
TP002 Responsibility: Contractor
TP002 Project Location/Activity: Same project"
MP-TNAR-006B,Marine Plants DA Conditions,30,'Marine Plants DA Conditions'!A30,TNAR (2308-36075 SDA),6b,MP-TNAR-006,"46 Greyhound Road, Gilberton and 82 Prairie Road, Ormeau (the Site)",Construction,"(b) Dispose of all material associated with the development (e.g., debris, construction material, soil, etc.) from the project area at an appropriate licensed facility.","(b) Dispose of all material associated with the development (e.g., debris, construction material, soil, etc.) from the project area at an appropriate licensed facility.",Condition 6,SDA-2308-36075,Remove vegetation/materials and dispose at licensed facility.,,"Inspection records / field sheets, photographs, survey records
Waste tracking records",,,5,Once,(b) As soon as reasonably practicable.,,,,,,Post works,,Contractor,,Underway,,Not assessed,Required at end of conditions,,False,True,False,False,,"Source cell range: 'Marine Plants DA Conditions'!A30:N30
Permit / decision notice: 2308-36075 SDA
TP002 Project Stage: Operational Works
TP002 Compliance Status: Not completed - ongoing
TP002 Responsibility: Contractor
Inherited from parent row: Marine Plants DA Conditions!row 29"
MP-NAC-001,Marine Plants DA Conditions,34,'Marine Plants DA Conditions'!A34,NAC (2309-36966 SDA),1,,"Pacific Highway, 56 Prairie Road, 58 & 58A Burnside Road, Ormeau / Marine plant removal for rail infrastructure",Construction,"Development limited to permanent removal, damage and destruction of 2,003m² of Casuarina glauca marine plants in approved impact area.","Development limited to permanent removal, damage and destruction of 2,003m² of Casuarina glauca marine plants in approved impact area.",Condition 1,SDA-2309-36966,Ensure works do not exceed approved impact footprint and extent.,,"Inspection records / field sheets, photographs, survey records",,,5,Ongoing,At all times,,,,,,Ongoing,DanielBlunt@dtinfrastructure.com.au,Project Manager,Contractor,Underway,,Not assessed,Required at end of conditions,,False,True,False,False,,"Source cell range: 'Marine Plants DA Conditions'!A34:N34
Permit / decision notice: 2309-36966 SDA
TP002 Project Stage: Operational Works
TP002 Compliance Status: Not completed - ongoing
TP002 Responsibility: Project Manager / Contractor"
MP-NAC-002,Marine Plants DA Conditions,35,'Marine Plants DA Conditions'!A35,NAC (2309-36966 SDA),2,,"Pacific Highway, 56 Prairie Road, 58 & 58A Burnside Road, Ormeau / Marine plant removal for rail infrastructure",Construction,The marine plant restoration must be carried out generally in accordance with the following plans:,"The marine plant restoration must be carried out generally in
accordance with the following plans:",Condition 2,SDA-2309-36966,Implement restoration works in accordance with approved plans and revisions.,,,,,5,Ongoing,For duration of works,,,,,,As per approved plan,,,,N/A – Info only,,Not assessed,,,True,False,False,False,,"Source cell range: 'Marine Plants DA Conditions'!A35:N35
Permit / decision notice: 2309-36966 SDA
TP002 Project Stage: Operational Works
TP002 Compliance Status: noted
TP002 Responsibility: Environmental Manager
TP002 Project Location/Activity: Same project"
MP-NAC-002A,Marine Plants DA Conditions,36,'Marine Plants DA Conditions'!A36,NAC (2309-36966 SDA),2a,MP-NAC-002,"Pacific Highway, 56 Prairie Road, 58 & 58A Burnside Road, Ormeau / Marine plant removal for rail infrastructure",Construction,"a) Marine Plant Restoration Plan, prepared by WGJV, dated September 2023, reference QTMP-WSP-OSWDMPCOOTMP-000002 and revision B.","a) Marine Plant Restoration Plan, prepared by WGJV, dated September 2023, reference QTMP-WSP-OSWDMPCOOTMP-000002 and revision B.",Condition 2,SDA-2309-36966,Implement restoration works in accordance with approved plans and revisions.,,"Monitoring reports, rehabilitation records",,,5,Ongoing,For duration of works,,,,,,As per approved plan,SamMoraes@dtinfrastructure.com.au,Environmental Manager,,Not started,,Not assessed,In Landscaping Scope,,False,True,False,False,,"Source cell range: 'Marine Plants DA Conditions'!A36:N36
Permit / decision notice: 2309-36966 SDA
TP002 Project Stage: Operational Works
TP002 Compliance Status: Not completed - rehabilitation
TP002 Responsibility: Environmental Manager
Links (not hyperlinked): N/A - until completion
Inherited from parent row: Marine Plants DA Conditions!row 35"
MP-NAC-002B,Marine Plants DA Conditions,37,'Marine Plants DA Conditions'!A37,NAC (2309-36966 SDA),2b,MP-NAC-002,"Pacific Highway, 56 Prairie Road, 58 & 58A Burnside Road, Ormeau / Marine plant removal for rail infrastructure",Construction,"(b) Figure 2 Marine plant restoration site plan, prepared by WSP, dated 26/09/2023, reference PS135900.","(b) Figure 2 Marine plant restoration site plan, prepared by WSP, dated 26/09/2023, reference PS135900.",Condition 2,SDA-2309-36966,Implement restoration works in accordance with approved plans and revisions.,,"Monitoring reports, rehabilitation records",,,5,Ongoing,For duration of works,,,,,,As per approved plan,SamMoraes@dtinfrastructure.com.au,Environmental Manager,,Not started,,Not assessed,In Landscaping Scope,,False,True,False,False,,"Source cell range: 'Marine Plants DA Conditions'!A37:N37
Permit / decision notice: 2309-36966 SDA
TP002 Project Stage: Operational Works
TP002 Compliance Status: Not completed - rehabilitation
TP002 Responsibility: Environmental Manager
Links (not hyperlinked): N/A - until completion
Inherited from parent row: Marine Plants DA Conditions!row 35"
MP-NAC-002C,Marine Plants DA Conditions,38,'Marine Plants DA Conditions'!A38,NAC (2309-36966 SDA),2c,MP-NAC-002,"Pacific Highway, 56 Prairie Road, 58 & 58A Burnside Road, Ormeau / Marine plant removal for rail infrastructure",Construction,"(c) Supplementary restoration details, prepared by Will Miller (WSP), dated 26 October 2023 and reference 2309-36996 SDA, as amended in red by SARA.","(c) Supplementary restoration details, prepared by Will Miller (WSP), dated 26 October 2023 and reference 2309-36996 SDA, as amended in red by SARA.",Condition 2,SDA-2309-36966,Implement restoration works in accordance with approved plans and revisions.,,"Monitoring reports, rehabilitation records",,,5,Ongoing,For duration of works,,,,,,As per approved plan,SamMoraes@dtinfrastructure.com.au,Environmental Manager,,Not started,,Not assessed,In Landscaping Scope,,False,True,False,False,,"Source cell range: 'Marine Plants DA Conditions'!A38:N38
Permit / decision notice: 2309-36966 SDA
TP002 Project Stage: Operational Works
TP002 Compliance Status: Not completed - rehabilitation
TP002 Responsibility: Environmental Manager
Links (not hyperlinked): N/A - until completion
Inherited from parent row: Marine Plants DA Conditions!row 35"
MP-NAC-003,Marine Plants DA Conditions,39,'Marine Plants DA Conditions'!A39,NAC (2309-36966 SDA),3,,"Pacific Highway, 56 Prairie Road, 58 & 58A Burnside Road, Ormeau / Marine plant removal for rail infrastructure",Construction,Submit written notice to the Department of Agriculture and Fisheries at notifications@daf.qld.gov.au advising when the development authorised under this decision notice: (a) will start; and (b) when it has been completed. Any notice must state the a…,"Submit written notice to the Department of Agriculture and Fisheries at notifications@daf.qld.gov.au advising when the development authorised under this decision notice:
(a) will start; and
(b) when it has been completed.
Any notice must state the application’s reference number: 2309-36996 SDA.",Condition 3,SDA-2309-36966,Submit commencement and completion notifications to notifications@daf.qld.gov.au.,,Email notifications sent to DAF,,,5,Once,"(a) At least 5 business days but no greater than 20 business days prior to the commencement of the works.
(b) Within 15 business days of the completion of the fisheries develop",,,,,,Triggered by milestones,DanielBlunt@dtinfrastructure.com.au,Project Manager,,Underway,,Not assessed,Required at end of conditions,,False,True,False,False,MP-NAC-003|COMPLETE,"Source cell range: 'Marine Plants DA Conditions'!A39:N39
Permit / decision notice: 2309-36966 SDA
TP002 Project Stage: Operational Works
TP002 Compliance Status: Not completed - ongoing
TP002 Responsibility: Project Manager
TP002 Project Location/Activity: Same project"
MP-NAC-004,Marine Plants DA Conditions,40,'Marine Plants DA Conditions'!A40,NAC (2309-36966 SDA),4,,"Pacific Highway, 56 Prairie Road, 58 & 58A Burnside Road, Ormeau / Marine plant removal for rail infrastructure",Construction,Spoil must not be disposed on tidal lands or waterways and must be managed to prevent acid soil development.,Spoil must not be disposed on tidal lands or waterways and must be managed to prevent acid soil development.,Condition 4,SDA-2309-36966,Implement spoil and acid sulfate soil management controls.,,"Inspection records / field sheets, photographs, survey records
Waste tracking records",,,5,Ongoing,At all times,,,,,,Ongoing,,Contractor,,Underway,,Not assessed,Evidence Link required,,False,True,False,False,,"Source cell range: 'Marine Plants DA Conditions'!A40:N40
Permit / decision notice: 2309-36966 SDA
TP002 Project Stage: Operational Works
TP002 Compliance Status: Ongoing
TP002 Responsibility: Contractor
TP002 Project Location/Activity: Same project"
MP-NAC-005,Marine Plants DA Conditions,41,'Marine Plants DA Conditions'!A41,NAC (2309-36966 SDA),5,,"Pacific Highway, 56 Prairie Road, 58 & 58A Burnside Road, Ormeau / Marine plant removal for rail infrastructure",Construction,Development site must remain open for inspection by authorised Fisheries inspectors.,Development site must remain open for inspection by authorised Fisheries inspectors.,Condition 5,SDA-2309-36966,Provide unrestricted access for inspections when requested.,,,,,5,Ongoing,At all times,,,,,,Ongoing,,Site Manager,,Underway,,Not assessed,"DAF inspection completed (2025)
DAF correspondence: The Department believes that appropriate steps will be taken to address the above issues. In light of this, compliance action is not being considered at this time.",,False,True,False,False,,"Source cell range: 'Marine Plants DA Conditions'!A41:N41
Permit / decision notice: 2309-36966 SDA
TP002 Project Stage: Operational Works
TP002 Compliance Status: Not completed - ongoing
TP002 Responsibility: Site Manager
TP002 Project Location/Activity: Same project
Excel comment (L41, Richard Kightley): (the fish specialist) Aquatic Biopassage Services attended the site on the 25th of September 2025 to review and make recommendations ( Evidence MEMO: Fish Passage issue at Ormeau rail facility)"
MP-NAC-006,Marine Plants DA Conditions,42,'Marine Plants DA Conditions'!A42,NAC (2309-36966 SDA),6a,,"Pacific Highway, 56 Prairie Road, 58 & 58A Burnside Road, Ormeau / Marine plant removal for rail infrastructure",Construction,(a) Remove marine plants that have been authorised for removal as part of this development from the project area.,(a) Remove marine plants that have been authorised for removal as part of this development from the project area.,Condition 6,SDA-2309-36966,Remove vegetation and dispose of all waste/debris at licensed facility.,,"Inspection records / field sheets, photographs, survey records",,,5,Once,"a) As soon as reasonably
practicable after
the marine plants
have been
removed.",,,,,,Post works,,Contractor,,Underway,,Not assessed,Required at end of conditions,,False,True,False,False,,"Source cell range: 'Marine Plants DA Conditions'!A42:N42
Permit / decision notice: 2309-36966 SDA
TP002 Project Stage: Operational Works
TP002 Compliance Status: Not completed - ongoing
TP002 Responsibility: Contractor
Links (not hyperlinked): N/A - until completion
TP002 Project Location/Activity: Same project"
MP-NAC-006B,Marine Plants DA Conditions,43,'Marine Plants DA Conditions'!A43,NAC (2309-36966 SDA),6b,MP-NAC-006,"Pacific Highway, 56 Prairie Road, 58 & 58A Burnside Road, Ormeau / Marine plant removal for rail infrastructure",Construction,"(b) Dispose of all material associated with the development (e.g., debris, construction material, soil, etc.) from the project area at an appropriate licensed facility.","(b) Dispose of all material associated with the development (e.g., debris, construction material, soil, etc.) from the project area at an appropriate licensed facility.",Condition 6,SDA-2309-36966,Remove vegetation and dispose of all waste/debris at licensed facility.,,"Inspection records / field sheets, photographs, survey records
Waste tracking records",,,5,Once,(b) As soon as reasonably practicable.,,,,,,Post works,,Contractor,,Underway,,Not assessed,Required at end of conditions,,False,True,False,False,,"Source cell range: 'Marine Plants DA Conditions'!A43:N43
Permit / decision notice: 2309-36966 SDA
TP002 Project Stage: Operational Works
TP002 Compliance Status: Not completed - ongoing
TP002 Responsibility: Contractor
Links (not hyperlinked): N/A - until completion
Inherited from parent row: Marine Plants DA Conditions!row 42"
MP-NAC-007,Marine Plants DA Conditions,44,'Marine Plants DA Conditions'!A44,NAC (2309-36966 SDA),7a,,"Pacific Highway, 56 Prairie Road, 58 & 58A Burnside Road, Ormeau / Marine plant removal for rail infrastructure",Construction,"(a) Restore the area identified for restoration generally in accordance with the Marine Plant Restoration Plan, prepared by WGJV, dated September 2023, reference QTMP-WSP-OSWDMPCOO-TMP000002 and revision B.","(a) Restore the area identified for restoration generally in accordance with the Marine Plant Restoration Plan, prepared by WGJV, dated September 2023, reference QTMP-WSP-OSWDMPCOO-TMP000002 and revision B.",Condition 7,SDA-2309-36966,"Complete restoration, undertake monitoring and submit reports.",,"Monitoring reports, rehabilitation records",,,5,Ongoing,(a) As stated in the Marine Plant Restoration Plan.,,,Restoration works completion,,,As per restoration schedule,SamMoraes@dtinfrastructure.com.au,Environmental Manager,,Not started,,Not assessed,In Landscaping Scope,,False,True,False,False,,"Source cell range: 'Marine Plants DA Conditions'!A44:N44
Permit / decision notice: 2309-36966 SDA
TP002 Project Stage: Operational Works
TP002 Compliance Status: Not completed - rehabilitation
TP002 Responsibility: Environmental Manager
Links (not hyperlinked): N/A - until completion
TP002 Project Location/Activity: Same project"
MP-NAC-007B,Marine Plants DA Conditions,45,'Marine Plants DA Conditions'!A45,NAC (2309-36966 SDA),7b,MP-NAC-007,"Pacific Highway, 56 Prairie Road, 58 & 58A Burnside Road, Ormeau / Marine plant removal for rail infrastructure",Construction,(b) Submit notice monitoring reports to the Department of Agriculture and Fisheries at notifications@daf.qld.gov.au at: i. any time(s) specified in the plans referenced in part (a) of this condition ii. upon completion of the restoration works requi…,"(b) Submit notice monitoring reports to the Department of Agriculture and Fisheries at notifications@daf.qld.gov.au at:
i. any time(s) specified in the plans referenced in part (a) of this condition
ii. upon completion of the restoration works required by part (a) of this condition.",Condition 7,SDA-2309-36966,"Complete restoration, undertake monitoring and submit reports.",,"Monitoring reports, rehabilitation records",,,5,Milestone,"(b)(i) As stated.
(b)(ii) Within 10 business days of completion of the restoration works and within 5 years any of removal, damage or destruction of marine plants.",,,Restoration works completion,,,As per restoration schedule,SamMoraes@dtinfrastructure.com.au,Environmental Manager,,Not started,,Not assessed,In Landscaping Scope,,False,True,False,False,,"Source cell range: 'Marine Plants DA Conditions'!A45:N45
Permit / decision notice: 2309-36966 SDA
TP002 Project Stage: Operational Works
TP002 Compliance Status: Not completed - rehabilitation
TP002 Responsibility: Environmental Manager
Links (not hyperlinked): N/A - until completion
Inherited from parent row: Marine Plants DA Conditions!row 44"
CHMP-001,External CHMP Conditions,6,'External CHMP Conditions'!A6,,,,All,Construction,"Project Area means the area to which this CHMP applies as shown on the maps in Schedule 2, or such other area required as agreed by notice under clause 24(c). Note that the Project Area excludes watercourses for which the registered native title cla…","Project Area means the area to which this CHMP applies as shown on the maps in Schedule 2, or such other area required as agreed by notice under clause 24(c). Note that the Project Area excludes watercourses for which the registered native title claimant for the Danggan Balun Claim is the Aboriginal party, as that term is defined in the AHCA. These areas are marked in red hatching on the maps in Schedule 2.",Cultural Heritage Management Plan - Jabree Ltd - Section 1 Defined terms and interpretation,SCHED-A43,"Noted

Mapping outlining areas the Jabree CHMP and Danggan Balun Partial Clearance Report apply to will be included as part of the Project Environmental Sensitivities Control Maps.",,,,,5,Ongoing,,,,,,,,,,,N/A – Info only,,Not assessed,,,True,False,False,False,,"Source cell range: 'External CHMP Conditions'!A6:L6
TP002 Project Stage: During construction
TP002 Responsibility: Noted
Excel comment (E6, Allison Brunott): As outlined in the EMP and CEMP."
CHMP-002,External CHMP Conditions,7,'External CHMP Conditions'!A7,,,,All,Construction,"Project Works means all activities to be carried out to complete the construction of the Project on the Project Area, including but not limited to: - light maintenance roads; - heavy maintenance roads; - separate overhead crane to span the light mai…","Project Works means all activities to be carried out to complete the construction of the Project on the Project Area, including but not limited to:
- light maintenance roads;
- heavy maintenance roads;
- separate overhead crane to span the light maintenance roads;
- wheel lathe and bogie drop;
- graffiti cleaning road;
- heavy and light spares storage facility;
- through road, access roads and test road;
- sand silo;
- lay down and parking areas;
- ETCS / PSD interface testing facilities;
- offices, stores and staff facilities to support maintenance operations on the site;
- stabling facilities for twenty-six car train sets;
- facilities for train drivers and cleaners at the stabling facility;
- train wash;
- rail network connection;
- a construction camp, offices, temporary construction facilities; and
- ground excavation and vegetation clearing.",Cultural Heritage Management Plan - Jabree Ltd - Section 1 Defined terms and interpretation,SCHED-A43,Noted,,,,,5,Ongoing,,,,,,,,,,,N/A – Info only,,Not assessed,,,True,False,False,False,,"Source cell range: 'External CHMP Conditions'!A7:L7
TP002 Project Stage: During construction
TP002 Responsibility: Noted"
CHMP-003,External CHMP Conditions,8,'External CHMP Conditions'!A8,,,,All,Construction,"6.1 Cultural Heritage Assessments (a) Except in the case of a significant or substantial Find under clause 6.5 or as otherwise agreed, the parties agree that the Project Area will be sufficiently investigated by the Cultural Heritage Assessments and…","6.1 Cultural Heritage Assessments
(a) Except in the case of a significant or substantial Find under clause 6.5 or as otherwise agreed, the parties agree that the Project Area will be sufficiently investigated by the Cultural Heritage Assessments and that no further cultural heritage surveys or reports are requirement for the Project Area.
(b) Prior to commencing Project Works on the Southern Access Area, the State agrees to implement, as well as the Mitigation Measures, all other reasonable recommendations as set out in the Southern Access Area Cultural Heritage Field Assessment Report.",Cultural Heritage Management Plan - Jabree Ltd - Section 6 Mitigation Measures,SCHED-A43,Noted,,,,,5,Ongoing,,,,,,,,,,,N/A – Info only,,Not assessed,,,True,False,False,False,,"Source cell range: 'External CHMP Conditions'!A8:L8
TP002 Project Stage: During construction
TP002 Responsibility: Noted"
CHMP-004,External CHMP Conditions,9,'External CHMP Conditions'!A9,,,,All,Pre-construction and construction,"6.2 Exclusion Zone (a) Subject to clause 6.2(c), the parties agree that Project Works must not be conducted in the Exclusion Zone. (b) The State must ensure that the Contractor complies with clause 6.2(a) and that prior to the commencement of the Pr…","6.2 Exclusion Zone
(a) Subject to clause 6.2(c), the parties agree that Project Works must not be conducted in the Exclusion Zone.
(b) The State must ensure that the Contractor complies with clause 6.2(a) and that prior to the commencement of the Project Works constructs an Exclusion Zone Fence around the Exclusion Zone.
(c) Should the Contractor wish to access the Exclusion Zone to conduct low impact Project Works such as surveying or other works that do not involve ground disturbance, the State Cultural Heritage Representative must obtain the approval of the Cultural Heritage Coordinator before accessing the Exclusion Zone.",Cultural Heritage Management Plan - Jabree Ltd - Section 6 Mitigation Measures,SCHED-A43,"Mapping outlining areas the Jabree CHMP and Danggan Balun Partial Clearance Report apply to will be included as part of the Project Environmental Sensitivities Control Maps.

The exclusion zone, as detailed in Schedules 2 and 3 of the Jabree CHMP, will be physically fenced and cannot be entered into without express permission from Jabree Ltd (CEMP, Annex H Heritage Management Programme, Section 7.2 Jabree).

All DTI Workers involved with ground disturbing works will attend the project Cultural Heritage Induction including controls for the exclusion and buffer zones.",,,,C,3,Ongoing,,,,,,,,DanielBlunt@dtinfrastructure.com.au,Project Manager,Environmental and Sustainability Team,Not started,,Not assessed,,,False,True,False,False,,"Source cell range: 'External CHMP Conditions'!A9:L9
TP002 Project Stage: Pre and during construction
TP002 Responsibility: Project Manager / Environmental and Sustainability Team"
CHMP-005,External CHMP Conditions,10,'External CHMP Conditions'!A10,,,,All,Construction,"6.3 Buffer Zone The parties agree that Project Works can take place within the Buffer Zone, but additional caution must be exercised in this area to avoid any disturbance to the Exclusion Zone.","6.3 Buffer Zone
The parties agree that Project Works can take place within the Buffer Zone, but additional caution must be exercised in this area to avoid any disturbance to the Exclusion Zone.",Cultural Heritage Management Plan - Jabree Ltd - Section 6 Mitigation Measures,SCHED-A43,"Mapping outlining areas the Jabree CHMP and Danggan Balun Partial Clearance Report apply to will be included as part of the Project Environmental Sensitivities Control Maps.

The exclusion zone, as detailed in Schedules 2 and 3 of the Jabree CHMP, will be physically fenced and cannot be entered into without express permission from Jabree Ltd (CEMP, Annex H Heritage Management Programme, Section 7.2 Jabree).

All DTI Workers involved with ground disturbing works will attend the project Cultural Heritage Induction including controls for the exclusion and buffer zones.",,,,D,4,Ongoing,,,,,,,,DanielBlunt@dtinfrastructure.com.au,Project Manager,Environmental and Sustainability Team,Not started,,Not assessed,,,False,True,False,False,,"Source cell range: 'External CHMP Conditions'!A10:L10
TP002 Project Stage: During construction
TP002 Responsibility: Project Manager / Environmental and Sustainability Team"
CHMP-006,External CHMP Conditions,11,'External CHMP Conditions'!A11,,,,All,Pre-construction and construction,"6.4 Cultural Heritage Induction (a) Prior to the commencement of Project Works, Key Staff must attend the Cultural Heritage Induction and complete the Jabree Online Induction. (b) The Cultural Heritage Induction will include the following informatio…","6.4 Cultural Heritage Induction
(a) Prior to the commencement of Project Works, Key Staff must attend the Cultural Heritage Induction and complete the Jabree Online Induction.
(b) The Cultural Heritage Induction will include the following information:
(i) the State standard cultural heritage induction presentation; and
(ii) a brief outline of the responsibilities contained in this CHMP.
(c) The Contractor must ensure that the Jabree Online Induction is given to any on-site staff whose role includes undertaking Project Works, before those staff undertake Project Works.
(d) The State will pay Jabree for the agreed cost of Jabree's production of the Jabree Online Induction, calculated in accordance with the Relationship Agreement.
(e) Following the presentation of the Cultural Heritage Induction, it will be the responsibility of the Contractor's Workplace Health and Safety Officer (or equivalent as nominated by the Contractor), to present a Cultural Heritage component to all staff and sub-contractors are part of the Project On-Site Safety Induction in accordance with the requirements of MRTS51.
(f) If, except for reasons outside of the control of the Aboriginal Part, the Jabree Online Induction is not provided to the State in a timely way prior to the commencement of Project Works, the parties agree that Project Works may proceed provided that this CHMP is otherwise complied with.",Cultural Heritage Management Plan - Jabree Ltd - Section 6 Mitigation Measures,SCHED-A43,"Cultural Heritage Induction for Contractors requirements addressed in Annex H Heritage Management Programme, Section 7.2 Jabree of the CEMP.",,,,D,4,Ongoing,,,,,,,,DanielBlunt@dtinfrastructure.com.au,Environmental and Sustainability Team,,Not started,,Not assessed,,,False,True,False,False,,"Source cell range: 'External CHMP Conditions'!A11:L11
TP002 Project Stage: Pre and during construction
TP002 Responsibility: Environmental and Sustainability Team"
CHMP-007,External CHMP Conditions,12,'External CHMP Conditions'!A12,,,,All,Construction,"6.5 Finds Procedure (a) If, during Project Works, there a Find is made of a significant and/or substantial nature Project Works should cease immediately in the vicinity of the Find and the Cultural Heritage Coordinator should be contacted immediatel…","6.5 Finds Procedure
(a) If, during Project Works, there a Find is made of a significant and/or substantial nature Project Works should cease immediately in the vicinity of the Find and the Cultural Heritage Coordinator should be contacted immediately to provide advice and to negotiate further works by way of mitigation.
(b) A significant and/or substantial find is considered to be a find that is over and above what has already been discovered within the Project Area.",Cultural Heritage Management Plan - Jabree Ltd - Section 6 Mitigation Measures,SCHED-A43,"Aboriginal Objects Finds Procedure addressed in Annex H Heritage Management Programme, Section 7.2 Jabree of the CEMP.",,,,D,4,Ongoing,,,,,,,,DanielBlunt@dtinfrastructure.com.au,Project Manager,Environmental and Sustainability Team; All DTI Workers,Not started,,Not assessed,,,False,True,False,False,,"Source cell range: 'External CHMP Conditions'!A12:L12
TP002 Project Stage: During construction
TP002 Responsibility: Project Manager / Environmental and Sustainability Team / All DTI Workers"
CHMP-008,External CHMP Conditions,13,'External CHMP Conditions'!A13,,,,All,Construction,Schedule 4: Procedure for Suspected Human Remains,Schedule 4: Procedure for Suspected Human Remains,Cultural Heritage Management Plan - Jabree Ltd - Schedule 4 Procedure for Suspected Human Remains,SCHED-A43,"Aboriginal Human Remains requirements addressed in Annex H Heritage Management Programme, Section 7.2 Jabree of the CEMP.",,,,,5,Ongoing,,,,,,,,DanielBlunt@dtinfrastructure.com.au,Project Manager,Environmental and Sustainability Team; All DTI Workers,Not started,,Not assessed,,,False,True,False,False,,"Source cell range: 'External CHMP Conditions'!A13:L13
TP002 Project Stage: During construction
TP002 Responsibility: Project Manager / Environmental and Sustainability Team / All DTI Workers"
CHMP-009,External CHMP Conditions,14,'External CHMP Conditions'!A14,,,,All,Construction,"This assessment applies to the waterways contained within the Project Area and Access Area, those being Halfway Creek and Bridge Creek (Figure 1). These creeks fall within the Danggan Balun (Five Rivers) Native Title Claim Area.","This assessment applies to the waterways contained within the Project Area and Access Area, those being Halfway Creek and Bridge Creek (Figure 1). These creeks fall within the Danggan Balun (Five Rivers) Native Title Claim Area.",Partial Clearance Report - Danggan Balun - Introduction,SCHED-A44,Mapping clearing outlining areas the Jabree CHMP and Danggan Balun Partial Clearance Report apply to will be included as part of the Project Environmental Sensitivities Control Maps,,,,,5,Ongoing,,,,,,,,DanielBlunt@dtinfrastructure.com.au,Environmental and Sustainability Team,,Not started,,Not assessed,,,False,True,False,False,,"Source cell range: 'External CHMP Conditions'!A14:L14
TP002 Project Stage: During construction
TP002 Responsibility: Environmental and Sustainability Team"
CHMP-010,External CHMP Conditions,15,'External CHMP Conditions'!A15,,,,All,Construction,"Recommendation 1: Cultural Heritage Monitoring at Halfway Creek and Bridge Creek In order to mitigate any harm to potential Aboriginal cultural heritage within the Study Areas, it is recommended that two Danggan Balun representatives are engaged as…","Recommendation 1: Cultural Heritage Monitoring at Halfway Creek and Bridge Creek
In order to mitigate any harm to potential Aboriginal cultural heritage within the Study Areas, it is recommended that two Danggan Balun representatives are engaged as Cultural Heritage Monitors to observe any ground disturbing works undertaken in the Study Areas, including the development of any causeways and permanent roads across Halfway Creek and Bridge Creek (Figure 3).
Monitoring of these areas will mitigate harm to any potential surface and subsurface cultural heritage that is considered likely to exist given the results of the archaeological modelling and survey findings.
Any Aboriginal cultural heritage identified during this monitoring phase will be recorded and salvaged to an agreed Keeping Place outside the project boundaries.",Partial Clearance Report - Danggan Balun - Ongoing Recommendations,SCHED-A44,"Cultural Heritage Monitoring requirements addressed in Annex H Heritage Management Programme, Section 7.2 Jabree of the CEMP.",,,,D,4,Ongoing,,,,,,,,DanielBlunt@dtinfrastructure.com.au,Project Manager,Environmental and Sustainability Team,Not started,,Not assessed,,,False,True,False,False,,"Source cell range: 'External CHMP Conditions'!A15:L15
TP002 Project Stage: During construction
TP002 Responsibility: Project Manager / Environmental and Sustainability Team"
CHMP-011,External CHMP Conditions,16,'External CHMP Conditions'!A16,,,,All,Construction,Recommendation 2: Avoidance of Mature Trees All reasonable efforts should be made to preserve the mature vegetation within the Study Areas. The environmental values observed within the Study Areas are of cultural importance to the Danggan Balun Peop…,"Recommendation 2: Avoidance of Mature Trees
All reasonable efforts should be made to preserve the mature vegetation within the Study Areas. The environmental values observed within the Study Areas are of cultural importance to the Danggan Balun People.",Partial Clearance Report - Danggan Balun - Ongoing Recommendations,SCHED-A44,"Avoidance of Mature Trees requirements addressed in Annex H Heritage Management Programme, Section 7.2 Jabree of the CEMP.",,,,D,4,Ongoing,,,,,,,,DanielBlunt@dtinfrastructure.com.au,Project Manager,Construction Manager; Environmental and Sustainability Team,Not started,,Not assessed,,,False,True,False,False,,"Source cell range: 'External CHMP Conditions'!A16:L16
TP002 Project Stage: During construction
TP002 Responsibility: Project Manager / Construction Manager / Environmental and Sustainability Team"
CHMP-012,External CHMP Conditions,17,'External CHMP Conditions'!A17,,,,All,Pre-construction and construction,Recommendation 3: Cultural Heritage Induction for Contractors Cultural Heritage Inductions deal with the physical heritage that may be encountered within the Study Areas. The implementation of this Cultural Heritage Induction procedure aims to avoid…,"Recommendation 3: Cultural Heritage Induction for Contractors
Cultural Heritage Inductions deal with the physical heritage that may be encountered within the Study Areas. The implementation of this Cultural Heritage Induction procedure aims to avoid further harm to Aboriginal cultural heritage. It is recommended that all relevant staff and contractors undertake a Cultural Heritage Induction, with input from the Danggan Balun People, prior to construction activities. The agreed upon induction will cover cultural awareness, the basic legislative requirements regarding the Aboriginal
Cultural Heritage Act 2003 (Qld), the basic principles of identifying Aboriginal Cultural Heritage and appropriate protocols for the management of finds and human remains. The induction should also be delivered to contractors involved with ground disturbing works in the Study Areas.
If this cultural heritage induction for contractors is required before the quoted Cultural Heritage Induction Video is completed, an alternative cultural heritage induction is able to be organised between Danggan Balun and TMR.",Partial Clearance Report - Danggan Balun - Ongoing Recommendations,SCHED-A44,"Cultural Heritage Induction for Contractors requirements addressed in Annex H Heritage Management Programme, Section 7.2 Jabree of the CEMP.",,,,D,4,Ongoing,,,,,,,,DanielBlunt@dtinfrastructure.com.au,Environmental and Sustainability Team,,Not started,,Not assessed,,,False,True,False,False,,"Source cell range: 'External CHMP Conditions'!A17:L17
TP002 Project Stage: Pre and during construction
TP002 Responsibility: Environmental and Sustainability Team"
CHMP-013,External CHMP Conditions,18,'External CHMP Conditions'!A18,,,,All,Construction,"Recommendation 4: Aboriginal Objects Finds Procedure If suspected Aboriginal cultural material is uncovered as a result of proposed works, TMR must adhere to their “Find-Stop-Notify-Manage” procedure. This procedure ensures that Aboriginal cultural…","Recommendation 4: Aboriginal Objects Finds Procedure
If suspected Aboriginal cultural material is uncovered as a result of proposed works, TMR must adhere to their “Find-Stop-Notify-Manage” procedure. This procedure ensures that Aboriginal cultural material is handled appropriately, if uncovered as a result of proposed works. As per the procedure, if cultural materials are uncovered in the Study Area, the materials should not be disturbed, and the Danggan Balun People should be notified immediately. The GPS location of the material is to be recorded at the time of discovery, and if required, an appropriately qualified archaeologist and a Danggan Balun People
Representative is to be engaged to further investigate and document the material in accordance with the relevant legislation.",Partial Clearance Report - Danggan Balun - Ongoing Recommendations,SCHED-A44,"Aboriginal Objects Finds Procedure addressed in Annex H Heritage Management Programme, Section 7.2 Jabree of the CEMP.",,,,D,4,Ongoing,,,,,,,,DanielBlunt@dtinfrastructure.com.au,Project Manager,Environmental and Sustainability Team; All DTI Workers,Not started,,Not assessed,,,False,True,False,False,,"Source cell range: 'External CHMP Conditions'!A18:L18
TP002 Project Stage: During construction
TP002 Responsibility: Project Manager / Environmental and Sustainability Team / All DTI Workers"
CHMP-014,External CHMP Conditions,19,'External CHMP Conditions'!A19,,,,All,Construction,"Recommendation 5: Aboriginal Human Remains It is highly unlikely that human remains will be located at any stage during works within the Study Area. If human remains are identified, all works must halt in the immediate area to prevent any further im…","Recommendation 5: Aboriginal Human Remains
It is highly unlikely that human remains will be located at any stage during works within the Study Area. If human remains are identified, all works must halt in the immediate area to prevent any further impacts to the remains and TMR must adhere to their “How to manage the discovery of Human Remains” procedure. As per the procedure, the site should be cordoned off and the remains themselves should be left untouched. The nearest police station and DSDSATSIP are all to be notified as soon as possible. If the human remains are found to be of Aboriginal origin and the police do not wish to investigate the site for criminal activities, the Danggan Balun People should be consulted as to how the remains should be dealt with. Work may only resume after agreement is reached between all notified parties, provided it is in accordance with all parties’ statutory obligations. It is also recommended that in all dealings with Aboriginal human remains, the Proponent should use respectful language, bearing in mind that they are the remains of Aboriginal People rather than scientific specimens.",Partial Clearance Report - Danggan Balun - Ongoing Recommendations,SCHED-A44,"Aboriginal Human Remains requirements addressed in Annex H Heritage Management Programme, Section 7.2 Jabree of the CEMP.",,,,D,4,Ongoing,,,,,,,,DanielBlunt@dtinfrastructure.com.au,Project Manager,Environmental and Sustainability Team; All DTI Workers,Not started,,Not assessed,,,False,True,False,False,,"Source cell range: 'External CHMP Conditions'!A19:L19
TP002 Project Stage: During construction
TP002 Responsibility: Project Manager / Environmental and Sustainability Team / All DTI Workers"
RPP-001,RPP Exemption,6,'RPP Exemption'!A6,,,,All,Pre-construction and construction,⚠ Requirement text missing in TP002 – see source reference,⚠ Requirement text missing in TP002 – see source reference,Riverine protection permit exemption requirements - Section 3.1 Vegetation clearing requirements,RPP-WSS-2013-726,Work Instruction for Waterway Barrier Works ADR / RRP Exemption Requirements to be developed to outline the standards and controls for watercourse crossings on the Project.,,,,D,4,Ongoing,,,,,,,,DanielBlunt@dtinfrastructure.com.au,Environmental and Sustainability Team,Engineering and Design Team; Construction Manager,Not started,,Not assessed,,,False,True,True,False,,"Source cell range: 'RPP Exemption'!A6:L6
TP002 Project Stage: Pre and during construction
TP002 Responsibility: Environmental and Sustainability Team / Engineering and Design Team / Construction Manager
TP002 Requirement (as entered): ?)
Excel comment (E6, Allison Brunott): Proposed control to document ADR without having to list them all within CEMP - also WI could be provided to Engineering/Construction teams to assist with planning and design requirements.
Excel comment (G6, Allison Brunott): Risks in this sheet consistent wth DG-ZH-FM028.1 Zero Harm Risk Register - Ormeau Site Facility (reviewed 11/10/2023)"
RPP-002,RPP Exemption,7,'RPP Exemption'!A7,,,,All,Pre-construction and construction,"To ensure excavation and placement of fill carried out by landowners using the exemption requirements is low risk, volumetric limits apply. Table 2 states the volumetric limits. Table 2 Volumetric limits for landowners Excavation: is the volume you…","To ensure excavation and placement of fill carried out by landowners using the exemption requirements is low risk, volumetric limits apply. Table 2  states the volumetric limits.
Table 2 Volumetric limits for landowners
Excavation: is the volume you plan to excavate 500 cubic metres or less?
Placement of fill: is the volume of fill you plan to place 150 cubic metres of less?",Riverine protection permit exemption requirements - Section 3.2 Volumetric limits for landowners,RPP-WSS-2013-726,Work Instruction for Waterway Barrier Works ADR / RRP Exemption Requirements to be developed to outline the standards and controls for watercourse crossings on the Project.,,,,D,4,Ongoing,,,,,,,,DanielBlunt@dtinfrastructure.com.au,Environmental and Sustainability Team,Engineering and Design Team; Construction Manager,Not started,,Not assessed,,,False,True,False,False,,"Source cell range: 'RPP Exemption'!A7:L7
TP002 Project Stage: Pre and during construction
TP002 Responsibility: Environmental and Sustainability Team / Engineering and Design Team / Construction Manager"
RPP-003,RPP Exemption,8,'RPP Exemption'!A8,,,,All,Pre-construction and construction,The minimum requirements outlined below must be achieved to be eligible for an exemption from having to apply for and obtain a riverine protection permit. - The extent of the area required to carry out the permitted activity must be limited to the m…,"The minimum requirements outlined below must be achieved to be eligible for an exemption from having to apply for and obtain a riverine protection permit.
- The extent of the area required to carry out the permitted activity must be limited to the minimum area necessary to reasonably carry out the works.
- Sediment and erosion controls must be used.
- All areas of disturbed bed and banks must be stabilised to protect against erosion.
- All fill placed must be free from contamination (e.g. weeds seeds, oils, chemicals and other contaminants).
- Disturbed banks must be returned to a profile similar to the pre-disturbance condition.
- Natural stream bed controls or features that create natural waterholes (e.g. riffles, logs, sediment or rock bars) must not be lowered or removed.
- Any excavated material that is not removed as waste must be spread evenly within the bed and banks of the watercourse so that it does not interfere with the flow of water.
- All fill placed in the bed of the stream must not redirect flow into an adjacent bank.
- Access tracks or crossings must not interfere with the low flow of water.
- The invert of culverts or the deck height of a splash through crossing must be placed at or below bed level.
- All culverts placed within the watercourse must be aligned with the stream channel and placed as close to the centre of the watercourse channel as practical.
- All culverts placed within the watercourse must be of a sufficient size to ensure uninterrupted low flows and minimise the occurrence of blockage of culverts caused by flood-borne debris.
- Constructed access tracks (e.g. culverts or splash through crossings) must be provided with a scour apron and cut off wall on the downstream side sufficient to prevent bed erosion.
- All disturbed areas must be revegetated with trees, shrub and grasses endemic to the area, sufficient to re-establish a riparian environment and protect bed and banks from erosion.",Riverine protection permit exemption requirements - Section 4.0 Minimum requirements,RPP-WSS-2013-726,Work Instruction for Waterway Barrier Works ADR / RRP Exemption Requirements to be developed to outline the standards and controls for watercourse crossings on the Project.,,,,D,4,Ongoing,,,,,,,,DanielBlunt@dtinfrastructure.com.au,Environmental and Sustainability Team,Engineering and Design Team; Construction Manager,Not started,,Not assessed,,,False,True,False,False,,"Source cell range: 'RPP Exemption'!A8:L8
TP002 Project Stage: Pre and during construction
TP002 Responsibility: Environmental and Sustainability Team / Engineering and Design Team / Construction Manager"
SPEC-001,Specification Requirements,6,'Specification Requirements'!A6,,,,All,All stages,"The Builder must: (a) comply with all Environmental Applicable Requirements, and ensure the Builder Activities are carried out in a sustainable manner; (b) take all reasonable and practicable measures to prevent or minimise harm to the Environment i…","The Builder must:
(a) comply with all Environmental Applicable Requirements, and ensure the Builder Activities are carried out in a sustainable manner;
(b) take all reasonable and practicable measures to prevent or minimise harm to the Environment in the performance of the Builder Activities;
(c) subject to clause 24.6 (Contamination) and clause 24.6A (Disposal of PFAS Contaminated materials), promptly remedy any harm to the Environment arising out of or in connection with the performance of the Builder Activities;
(d) subject to clause 24.6 (Contamination) and clause 24.6A (Disposal of PFAS Contaminated materials), promptly remove from the Depot Site, the Ormeau Stabling Site and any other locations at which the Builder Activities are carried out or deal with, at the Builder’s cost, all waste, Contamination and debris resulting from, or arising out of or in connection with, performance of the Builder Activities, including removing or eliminating the cause of Contamination and any Contaminated material or substance;
(e) if an Environmental Incident occurs in connection with the Builder Activities:
(i) immediately report the Environmental Incident to the Contractor;
(ii) investigate the Environmental Incident;
(iii) advise the Contractor in writing of the outcome of the Builder’s investigation, including actions to be taken to remedy any damage to the Environment and prevent recurrence of the Environmental Incident; and
(iv) subject to clause 24.6 (Contamination) and clause 24.6A (Disposal of PFAS Contaminated Materials), at its cost, promptly take all reasonable steps to remedy any damage to the Environment (including clean up) and prevent recurrence of the Environmental Incident; and
(f) prepare, implement, maintain, update and comply with an Environmental Management System and the Environmental Management Plans (as applicable) in accordance with clause 14.1 (Preparation and implementation by the Contractor of Management Systems and Management Plans) and Schedule A5 (Management Systems (Builder) and Management Plans (Builder)).",Subcontract for Ormeau Facility - Part A Preliminary Matters - Section 10 Environmental Incidents and Contamination,SUBCONTRACT-A,"Addressed in EMP and CEMP in the following sections:
- Section 3 Project Management Framework;
- Section 6.3 Standards and Legislation;
- Section 8 Environmental Management Overview; and
- Section 12 Performance Management, Reporting and Investigation.",,,,D,4,Ongoing,,,,,,,,DanielBlunt@dtinfrastructure.com.au,Project Manager,Environmental and Sustainability Team,Not started,,Not assessed,,,False,True,False,False,,"Source cell range: 'Specification Requirements'!A6:L6
TP002 Project Stage: All
TP002 Responsibility: Project Manager / Environmental and Sustainability Team"
SPEC-002,Specification Requirements,7,'Specification Requirements'!A7,,,,All,Pre-construction,"The Construction Environmental Management Plan - Ormeau Facility must describe how the Builder will ensure the delivery of Ormeau Facility Works meets environmental regulatory and policy requirements, and must address: (a) how it will comply with th…","The Construction Environmental Management Plan - Ormeau Facility must describe how the Builder will ensure the delivery of Ormeau Facility Works meets environmental regulatory and policy requirements, and must address:
(a) how it will comply with the legislative and policy requirements including:
(i) any development conditions;
(ii) Commonwealth legislation;
(iii) State legislation;
(iv) Queensland Rail: Contractor Safety and Environment Management – MD-12-164; and
(v) Environmental Processes Manual (Transport and Main Roads, August 2013);",Schedule A5 Management Systems and Management Plans - Section 2.11 Construction Environmental Management Plan - Ormeau Facility,SCHED-A5,Addressed in Section 6 Standards and Legislation and Section 8.1 Objectives and Targets of the CEMP.,,,,C,3,Once,,,,Construction start,0,,,DanielBlunt@dtinfrastructure.com.au,Project Manager,Environmental and Sustainability Team,Not started,,Not assessed,,,False,True,False,False,,"Source cell range: 'Specification Requirements'!A7:L7
TP002 Project Stage: Pre construction
TP002 Responsibility: Project Manager / Environmental and Sustainability Team"
SPEC-003,Specification Requirements,8,'Specification Requirements'!A8,,,,All,Pre-construction,(b) the Builder’s approach to the management of environmental issues during the delivery of the Ormeau Facility Works including: (i) environmental outcomes; (ii) performance criteria; (iii) mitigation measures; (iv) monitoring; (v) reporting; and (v…,"(b) the Builder’s approach to the management of environmental issues during the delivery of the Ormeau Facility Works including:
(i) environmental outcomes;
(ii) performance criteria;
(iii) mitigation measures;
(iv) monitoring;
(v) reporting; and
(vi) corrective actions;",Schedule A5 Management Systems and Management Plans - Section 2.11 Construction Environmental Management Plan - Ormeau Facility,SCHED-A5,Section 8 Construction Environmental Management Overview of the CEMP outlines the contents of each of the Environmental Management Programmes (Annexure C to Annexure M).,,,,D,4,Once,,,,Construction start,0,,,DanielBlunt@dtinfrastructure.com.au,Project Manager,Environmental and Sustainability Team,Not started,,Not assessed,,,False,True,False,False,,"Source cell range: 'Specification Requirements'!A8:L8
TP002 Project Stage: Pre construction
TP002 Responsibility: Project Manager / Environmental and Sustainability Team"
SPEC-004,Specification Requirements,9,'Specification Requirements'!A9,,,,All,Pre-construction,(c) how the Builder will ensure appropriate environmental management measures and controls are implemented during the delivery of the Ormeau Facility Works including: (i) implementation of Environmental Management Systems in accordance with the prin…,"(c) how the Builder will ensure appropriate environmental management measures and controls are implemented during the delivery of the Ormeau Facility Works including:
(i) implementation of Environmental Management Systems in accordance with the principles of AS/NZS ISO 14000 Environmental Management Standards; and
(ii) qualifications, experience, responsibilities, accountabilities and authorities for each construction environmental management role.",Schedule A5 Management Systems and Management Plans - Section 2.11 Construction Environmental Management Plan - Ormeau Facility,SCHED-A5,Addressed in Section 6.3 Guidelines and Standards and Annex A of the CEMP.,,,,D,4,Once,,,,Construction start,0,,,DanielBlunt@dtinfrastructure.com.au,Project Manager,Environmental and Sustainability Team,Not started,,Not assessed,,,False,True,False,False,,"Source cell range: 'Specification Requirements'!A9:L9
TP002 Project Stage: Pre construction
TP002 Responsibility: Project Manager / Environmental and Sustainability Team"
SPEC-005,Specification Requirements,10,'Specification Requirements'!A10,,,,All,Pre-construction,(a) The Environmental Management System must: (i) be consistent with AS/NZS ISO 14001:2004 Environmental Management Systems – Requirements with Guidance for Use and any subsequent Industry Standards; (ii) demonstrate how environmental matters will b…,"(a) The Environmental Management System must:
(i) be consistent with AS/NZS ISO 14001:2004 Environmental Management Systems – Requirements with Guidance for Use and any subsequent Industry Standards;
(ii) demonstrate how environmental matters will be managed in a planned, systematic, effective and documented manner;
(iii) incorporate appropriate compliance, audit and verification processes;
(iv) provide for appropriate procedures and processes to identify, assess, control and minimise environmental risks arising from the Builder Activities; and
(v) provide for monitoring and reporting of environmental performance, including compliance, to drive continual improvement.",Schedule A5 Management Systems and Management Plans - Section 2.20 Environmental Management System,SCHED-A5,"Addressed in Section 6 Standards and Legislation and Section 8 Construction Environmental Management Overview of the EMP and CEMP.

DTI operates a certified environmental management system in compliance with ISO 14001:2015.",,,,D,4,Once,,,,Construction start,0,,,DanielBlunt@dtinfrastructure.com.au,Project Manager,Environmental and Sustainability Team,Not started,,Not assessed,,,False,True,False,False,,"Source cell range: 'Specification Requirements'!A10:L10
TP002 Project Stage: Pre construction
TP002 Responsibility: Project Manager / Environmental and Sustainability Team"
SPEC-006,Specification Requirements,11,'Specification Requirements'!A11,,,,All,Pre-construction,"(a) The Builder must prepare an Environmental Management Plan (""EMP"") addressing Ormeau Facility Works. The requirements for this plan are set out in paragraph 2.24. (b) The initial draft of the EMP as at the date of this deed is included in Schedul…","(a) The Builder must prepare an Environmental Management Plan (""EMP"") addressing Ormeau Facility Works. The requirements for this plan are set out in paragraph 2.24.
(b) The initial draft of the EMP as at the date of this deed is included in Schedule A17 (Management Plans (Builder)).",Schedule A5 Management Systems and Management Plans - Section 2.21 Environmental Management Plan,SCHED-A5,Noted - see below,,,,D,4,Ongoing,,,,,,,,,,,N/A – Info only,,Not assessed,,,True,False,False,False,,"Source cell range: 'Specification Requirements'!A11:L11
TP002 Project Stage: Pre construction
TP002 Responsibility: Noted"
SPEC-007,Specification Requirements,12,'Specification Requirements'!A12,,,,All,Pre-construction,The EMP – Ormeau Facility must address all aspects of the design and construction of the Ormeau Facility and must: (a) be consistent with the Builder’s Environmental Management System; (b) address how the Builder will ensure compliance with Environm…,"The EMP – Ormeau Facility must address all aspects of the design and construction of the Ormeau Facility and must:
(a) be consistent with the Builder’s Environmental Management System;
(b) address how the Builder will ensure compliance with Environmental Applicable Requirements and the Environmental Management System in the performance of the Builder Activities;
(c) identify employees and officers responsible for management of Environmental issues;
(d) describe relevant training processes implemented by the Builder and its Subcontractors to ensure compliance with Environmental Applicable Requirements and the Environmental Management System;
(e) describe the Builder’s systems for monitoring and reporting on Environmental Incidents and potential Environmental Incidents; and
(f) describe how the Builder will manage and maintain records and information relating to compliance with Environmental Applicable Requirements in the performance of the Builder Activities.",Schedule A5 Management Systems and Management Plans - Section 2.24 Environmental Management Plans - Ormeau Facility,SCHED-A5,"Addressed in EMP in the following sections:
- Section 6.3 Standards and Legislation;
- Section 8 Environmental Management Overview;
- Section 8.1 Objectives and Targets;
- Annex A Project Roles and Responsibilities;
- Section 9 Training and Awareness;
- Section 12 Performance Management, Reporting and Investigation; and
- Section 6.6 Compliance Tracking.",,,,D,4,Once,,,,Construction start,0,,,DanielBlunt@dtinfrastructure.com.au,Project Manager,Environmental and Sustainability Team,Not started,,Not assessed,,,False,True,False,False,,"Source cell range: 'Specification Requirements'!A12:L12
TP002 Project Stage: Pre construction
TP002 Responsibility: Project Manager / Environmental and Sustainability Team"
SPEC-008,Specification Requirements,13,'Specification Requirements'!A13,,,,All,Pre-construction,"2.2.1 The Contractor must ensure its workplace health, safety and environment processes and procedures for delivery of the Depot Works take into account the following SEMS: (i) MD-13-320: Environmental Planning and Management (EPM) (Version 4.0); an…","2.2.1 The Contractor must ensure its workplace health, safety and environment processes and procedures for delivery of the Depot Works take into account the following SEMS:
(i) MD-13-320: Environmental Planning and Management (EPM) (Version 4.0); and
(ii) MD-15-315: Noise Management (Version 3.0) (including Specification MD-15-316: Noise Assessment
(Version 3.0), and Procedure MD-15-317: Noise Management (Version 3.0)).","Schedule C1 Performance Specification (Ormeau Facility) - Section 2.2 Queensland Rail Limited standards, policies and specifications",SCHED-C1,"Requirements from MD-13-320, MD-15-315-317 included in this Compliance Register.",,,,D,4,Once,,,,Construction start,0,,,DanielBlunt@dtinfrastructure.com.au,Environmental and Sustainability Team,,Not started,,Not assessed,,,False,True,False,False,,"Source cell range: 'Specification Requirements'!A13:L13
TP002 Project Stage: Pre construction
TP002 Responsibility: Environmental and Sustainability Team
Excel comment (E13, Allison Brunott): MD-15-315, MD-15-316 and MD-15-317 have not been provided to yet to include in this register."
SPEC-009,Specification Requirements,14,'Specification Requirements'!A14,,,,All,Construction,2.2.3 The Ormeau Stabling Works must be undertaken in accordance with the SEMS set out in Appendix 1 to this specification.,2.2.3 The Ormeau Stabling Works must be undertaken in accordance with the SEMS set out in Appendix 1 to this specification.,"Schedule C1 Performance Specification (Ormeau Facility) - Section 2.2 Queensland Rail Limited standards, policies and specifications",SCHED-C1,"Requirements from MD-13-320, MD-15-315-317 included in this Compliance Register.",,,,D,4,Ongoing,,,,,,,,DanielBlunt@dtinfrastructure.com.au,Environmental and Sustainability Team,,Not started,,Not assessed,,,False,True,False,False,,"Source cell range: 'Specification Requirements'!A14:L14
TP002 Project Stage: During construction
TP002 Responsibility: Environmental and Sustainability Team"
SPEC-010,Specification Requirements,15,'Specification Requirements'!A15,,,,All,Construction,Appendix 1 - Ormeau Stabling SEMS List MD-15-3 Vegetation Management V1.1 MD-15-315 Noise Management (Environmental) Standard V3.0 ME-15-316 Noise and Vibration Assessment (Environment) V3.0 MD-15-317 Noise and Vibration Management (Environment) Pro…,"Appendix 1 - Ormeau Stabling SEMS List
MD-15-3 Vegetation Management V1.1
MD-15-315 Noise Management (Environmental) Standard V3.0
ME-15-316 Noise and Vibration Assessment (Environment) V3.0
MD-15-317 Noise and Vibration Management (Environment) Procedure V3.0",Schedule C1 Performance Specification (Ormeau Facility) - Appendix 1,SCHED-C1,Noted,,,,D,4,Ongoing,,,,,,,,,,,N/A – Info only,,Not assessed,,,True,False,False,False,,"Source cell range: 'Specification Requirements'!A15:L15
TP002 Project Stage: During construction
TP002 Responsibility: Noted"
SPEC-011,Specification Requirements,16,'Specification Requirements'!A16,,,,All,Construction,4.3.1 Environmental management must take into account the requirements of Queensland Rail Framework MD-13-320: Environmental Planning and Management (EPM) and local council requirements.,4.3.1 Environmental management must take into account the requirements of Queensland Rail Framework MD-13-320: Environmental Planning and Management (EPM) and local council requirements.,Schedule C1 Performance Specification (Ormeau Facility) - Section 4.3 Environment,SCHED-C1,"Requirements from MD-13-320, MD-15-315-317 included in this Compliance Register.",,,,D,4,Ongoing,,,,,,,,DanielBlunt@dtinfrastructure.com.au,Environmental and Sustainability Team,,Not started,,Not assessed,,,False,True,False,False,,"Source cell range: 'Specification Requirements'!A16:L16
TP002 Project Stage: During construction
TP002 Responsibility: Environmental and Sustainability Team"
SPEC-012,Specification Requirements,17,'Specification Requirements'!A17,,,,All,Construction,"4.3.2 The Ormeau Facility and facility noise must have regards to the requirements of Queensland Rail Standard MD-15-315: Noise Management, Specification MD-15-316: Noise Assessment and Procedure MD-15-317: Noise Management and be compliant with the…","4.3.2 The Ormeau Facility and facility noise must have regards to the requirements of Queensland Rail Standard MD-15-315: Noise Management, Specification MD-15-316: Noise Assessment and Procedure MD-15-317: Noise Management and be compliant with the SEMS listed in Appendix 1 for Ormeau Stabling.",Schedule C1 Performance Specification (Ormeau Facility) - Section 4.3 Environment,SCHED-C1,"Requirements from MD-13-320, MD-15-315-317 included in this Compliance Register.",,,,D,4,Ongoing,,,,,,,,DanielBlunt@dtinfrastructure.com.au,Environmental and Sustainability Team,,Not started,,Not assessed,,,False,True,False,False,,"Source cell range: 'Specification Requirements'!A17:L17
TP002 Project Stage: During construction
TP002 Responsibility: Environmental and Sustainability Team"
SPEC-013,Specification Requirements,18,'Specification Requirements'!A18,,,,All,Construction,"4.3.3 The Contractor must ensure that the Ormeau Facility incorporates the best environmental practices that would be expected of a qualified and competent contractor, in accordance with Australian and international standards and other Applicable Re…","4.3.3 The Contractor must ensure that the Ormeau Facility incorporates the best environmental practices that would be expected of a qualified and competent contractor, in accordance with Australian and international standards and other Applicable Requirements listed in Section 2 or Appendix 1 as applicable including the requirements of any Approvals (including development or planning approvals).",Schedule C1 Performance Specification (Ormeau Facility) - Section 4.3 Environment,SCHED-C1,Addressed in Section 6 Standards and Legislation and Section 8.1 Objectives and Targets of the EMP and CEMP.,,,,D,4,Ongoing,,,,,,,,DanielBlunt@dtinfrastructure.com.au,Project Manager,Environmental and Sustainability Team,Not started,,Not assessed,,,False,True,False,False,,"Source cell range: 'Specification Requirements'!A18:L18
TP002 Project Stage: During construction
TP002 Responsibility: Project Manager / Environmental and Sustainability Team"
SPEC-014,Specification Requirements,19,'Specification Requirements'!A19,,,,All,Construction,"4.3.4 The Ormeau Facility must incorporate sustainability and environmental benefits including and as applicable, energy efficiency, prevention of pollution, water efficiency (e.g. rainwater harvesting, wastewater recycling and re use), resource eff…","4.3.4 The Ormeau Facility must incorporate sustainability and environmental benefits including and as applicable, energy efficiency, prevention of pollution, water efficiency (e.g. rainwater harvesting, wastewater recycling and re use), resource efficiency and materials selection (including use of recyclable or recycled materials).",Schedule C1 Performance Specification (Ormeau Facility) - Section 4.3 Environment,SCHED-C1,Addressed in the Sustainability Management Plan.,,,,D,4,Ongoing,,,,,,,,DanielBlunt@dtinfrastructure.com.au,Project Manager,Environmental and Sustainability Team,Not started,,Not assessed,,,False,True,False,False,,"Source cell range: 'Specification Requirements'!A19:L19
TP002 Project Stage: During construction
TP002 Responsibility: Project Manager / Environmental and Sustainability Team
Excel comment (E19, Allison Brunott): Address in the Sustainability Management Plan is an assumption - unsure if IS rating items are tracked elsewhere."
SPEC-015,Specification Requirements,20,'Specification Requirements'!A20,,,,All,Construction,"4.3.5 Where applicable, in particular for energy consumption, technology to facilitate monitoring of consumption should be integrated into the Ormeau Facility.","4.3.5 Where applicable, in particular for energy consumption, technology to facilitate monitoring of consumption should be integrated into the Ormeau Facility.",Schedule C1 Performance Specification (Ormeau Facility) - Section 4.3 Environment,SCHED-C1,Addressed in the Sustainability Management Plan.,,,,D,4,Ongoing,,,,,,,,DanielBlunt@dtinfrastructure.com.au,Project Manager,Environmental and Sustainability Team,Not started,,Not assessed,,,False,True,False,False,,"Source cell range: 'Specification Requirements'!A20:L20
TP002 Project Stage: During construction
TP002 Responsibility: Project Manager / Environmental and Sustainability Team"
SPEC-016,Specification Requirements,21,'Specification Requirements'!A21,,,,All,Pre-construction and construction,"4.3.6 Further, suitable pollution prevention/treatment plant and equipment must be installed at each of the Depot and the Ormeau Stabling (i.e. the Depot and Ormeau Stabling are to have separate facilities and must be able to meet water quality obje…","4.3.6 Further, suitable pollution prevention/treatment plant and equipment must be installed at each of the Depot and the Ormeau Stabling (i.e. the Depot and Ormeau Stabling are to have separate facilities and must be able to meet water quality objectives independent of the other).",Schedule C1 Performance Specification (Ormeau Facility) - Section 4.3 Environment,SCHED-C1,"As outlined in Section 8.8 Engineering and Design Management of the CEMP, the Environmental and Sustainability Team engages with the engineering and design team, through the project Engineering Manager to confirm:
- The inclusion of the environment and sustainability requirements from the contract, approvals and permits, using DTI-DM-TP053 Requirements Analysis and Traceability Matrix (RATM) or equivalent; and
- Environmental impacts identified in risk and opportunity review workshops are systematically addressed through the engineering and design phase.",,,,D,4,Ongoing,,,,,,,,DanielBlunt@dtinfrastructure.com.au,Environmental and Sustainability Team,Engineering and Design Team,Not started,,Not assessed,,,False,True,False,False,,"Source cell range: 'Specification Requirements'!A21:L21
TP002 Project Stage: Pre and during construction
TP002 Responsibility: Environmental and Sustainability Team / Engineering and Design Team"
SPEC-017,Specification Requirements,22,'Specification Requirements'!A22,,,,All,Pre-construction and construction,"4.3.7 The Contractor must ensure the Ormeau Facility Works: (a) provides for the suitable protection and/or management of the Ormeau Facility Site’s environmental values including, native flora and fauna, waterways and soils; (b) minimise impacts to…","4.3.7 The Contractor must ensure the Ormeau Facility Works:
(a) provides for the suitable protection and/or management of the Ormeau Facility Site’s environmental values including, native flora and fauna, waterways and soils;
(b) minimise impacts to the adjacent community; and
(c) sewage, water and drainage connections to the existing network are approved by the relevant Council or Water and Sewage entity.",Schedule C1 Performance Specification (Ormeau Facility) - Section 4.3 Environment,SCHED-C1,"Section 8 Construction Environmental Management Overview of the CEMP outlines the contents of each of the Environmental Management Programmes (Annexure C to Annexure M).

As outlined in Section 8.8 Engineering and Design Management of the CEMP, the Environmental and Sustainability Team engages with the engineering and design team, through the project Engineering Manager to confirm:
- The inclusion of the environment and sustainability requirements from the contract, approvals and permits, using DTI-DM-TP053 Requirements Analysis and Traceability Matrix (RATM) or equivalent; and
- Environmental impacts identified in risk and opportunity review workshops are systematically addressed through the engineering and design phase.",,,,D,4,Ongoing,,,,,,,,DanielBlunt@dtinfrastructure.com.au,Environmental and Sustainability Team,Engineering and Design Team,Not started,,Not assessed,,,False,True,False,False,,"Source cell range: 'Specification Requirements'!A22:L22
TP002 Project Stage: Pre and during construction
TP002 Responsibility: Environmental and Sustainability Team / Engineering and Design Team"
SPEC-018,Specification Requirements,23,'Specification Requirements'!A23,,,,All,Pre-construction and construction,"4.3.8 The Ormeau Facility must be designed and constructed to be a minimum of 300mm above the 1% Annual Exceedance Probability (AEP) flood event, inclusive of climate change: (a) as defined in Australian Rainfall and Runoff 2019 – A Guide to Flood E…","4.3.8 The Ormeau Facility must be designed and constructed to be a minimum of 300mm above the 1% Annual Exceedance Probability (AEP) flood event, inclusive of climate change:
(a) as defined in Australian Rainfall and Runoff 2019 – A Guide to Flood Estimation, Commonwealth of Australia;
(b) in accordance with the Department of Environment & Climate Change (DECC) Floodplain Risk Management Guideline – Practical Consideration of Climate Change, version 1 October 2007; and
(c) in accordance with DECC’s Draft Seas Level Rise Policy Statement, February 2009.",Schedule C1 Performance Specification (Ormeau Facility) - Section 4.3 Environment,SCHED-C1,"As outlined in Section 8.8 Engineering and Design Management of the CEMP, the Environmental Team engages with the engineering and design team, through the project Engineering Manager to confirm:
- The inclusion of the environment and sustainability requirements from the contract, approvals and permits, using DTI-DM-TP053 Requirements Analysis and Traceability Matrix (RATM) or equivalent; and
- Environmental impacts identified in risk and opportunity review workshops are systematically addressed through the engineering and design phase.",,,,D,4,Ongoing,,,,,,,,DanielBlunt@dtinfrastructure.com.au,Environmental and Sustainability Team,Engineering and Design Team,Not started,,Not assessed,,,False,True,False,False,,"Source cell range: 'Specification Requirements'!A23:L23
TP002 Project Stage: Pre and during construction
TP002 Responsibility: Environmental and Sustainability Team / Engineering and Design Team"
SPEC-019,Specification Requirements,24,'Specification Requirements'!A24,,,,All,Pre-construction and construction,"4.3.9 For the flood immunity of the track, overtopping is measured at formation level.","4.3.9 For the flood immunity of the track, overtopping is measured at formation level.",Schedule C1 Performance Specification (Ormeau Facility) - Section 4.3 Environment,SCHED-C1,"As outlined in Section 8.8 Engineering and Design Management of the CEMP, the Environmental Team engages with the engineering and design team, through the project Engineering Manager to confirm:
- The inclusion of the environment and sustainability requirements from the contract, approvals and permits, using DTI-DM-TP053 Requirements Analysis and Traceability Matrix (RATM) or equivalent; and
- Environmental impacts identified in risk and opportunity review workshops are systematically addressed through the engineering and design phase.",,,,D,4,Ongoing,,,,,,,,DanielBlunt@dtinfrastructure.com.au,Environmental and Sustainability Team,Engineering and Design Team,Not started,,Not assessed,,,False,True,False,False,,"Source cell range: 'Specification Requirements'!A24:L24
TP002 Project Stage: Pre and during construction
TP002 Responsibility: Environmental and Sustainability Team / Engineering and Design Team"
SPEC-020,Specification Requirements,25,'Specification Requirements'!A25,,,,All,Pre-construction and construction,4.3.10 The design and construction of the Ormeau Facility must: (a) not increase afflux by more than 10mm at any neighbouring habitable property for a 1% AEP event; (Note: The area depicted in Figure 28-1: Non-habitable property in Civil and Drainag…,"4.3.10 The design and construction of the Ormeau Facility must:
(a) not increase afflux by more than 10mm at any neighbouring habitable property for a 1% AEP event; (Note: The area depicted in Figure 28-1: Non-habitable property in Civil and Drainage section 3 (d) in 5.2.2 – Ormeau Facility Site Layout Proposal of Schedule C3 ((Contractor Proposal (Ormeau Facility)) of the Project Deed was not considered to be habitable property in the development of the design of the Ormeau Facility. The State will work with the Contractor and the City of Gold Coast City Council as required on this matter)
(b) not reduce the flood immunity or increase the flood hazard associated with any public road, rail or pedestrian asset;
(c) consider risks posed to neighbouring properties and emergency access/egress for events larger than the 1% AEP event to minimise unexpected or unacceptable impacts;
(d) consider all floodplain impacts outside of the Ormeau Facility including changing in peak velocity, time of inundation, flood flow distribution, and flood hazard to minimise unexpected or unacceptable impacts; and
(e) not worsen the existing flooding characteristics of the Woongoolba Flood Mitigation Scheme.
(Note: The flood data provided by City of Gold Coast Council including, but not limited to:
(i) Woongoolba_URBS_v2016_2100_MFlood;
(ii) Woongoolba MIKE Flood v2016c;
(iii) Draft PimpSandy_URBS_v2.1.5;
(iv) Draft LoganAlbert_URBS_v2.1.5;
(v) Draft Logan_AlbertTUFLOW_v2.3.5a_2020; and
(vi) Draft Logan_AlbertTUFLOW_v2.3.6a_2100.)",Schedule C1 Performance Specification (Ormeau Facility) - Section 4.3 Environment,SCHED-C1,"As outlined in Section 8.8 Engineering and Design Management of the CEMP, the Environmental Team engages with the engineering and design team, through the project Engineering Manager to confirm:
- The inclusion of the environment and sustainability requirements from the contract, approvals and permits, using DTI-DM-TP053 Requirements Analysis and Traceability Matrix (RATM) or equivalent; and
- Environmental impacts identified in risk and opportunity review workshops are systematically addressed through the engineering and design phase.",,,,D,4,Ongoing,,,,,,,,DanielBlunt@dtinfrastructure.com.au,Environmental and Sustainability Team,Engineering and Design Team,Not started,,Not assessed,,,False,True,False,False,,"Source cell range: 'Specification Requirements'!A25:L25
TP002 Project Stage: Pre and during construction
TP002 Responsibility: Environmental and Sustainability Team / Engineering and Design Team"
SPEC-021,Specification Requirements,26,'Specification Requirements'!A26,,,,All,Pre-construction and construction,"4.4.1 The Ormeau Facility must achieve an Infrastructure Sustainability Council of Australia (ISCA) technical manual version 1.2 – 2016 rating of ‘Excellent’, which requires a minimum of 65 points to be achieved.","4.4.1 The Ormeau Facility must achieve an Infrastructure Sustainability Council of Australia (ISCA) technical manual version 1.2 – 2016 rating of ‘Excellent’, which requires a minimum of 65 points to be achieved.",Schedule C1 Performance Specification (Ormeau Facility) - Section 4.4 Infrastructure Sustainability (IS) Rating,SCHED-C1,Addressed in the Sustainability Management Plan.,,,,D,4,Ongoing,,,,,,,,DanielBlunt@dtinfrastructure.com.au,Project Manager,Environmental and Sustainability Team,Not started,,Not assessed,,,False,True,False,False,,"Source cell range: 'Specification Requirements'!A26:L26
TP002 Project Stage: Pre and during construction
TP002 Responsibility: Project Manager / Environmental and Sustainability Team"
SPEC-022,Specification Requirements,27,'Specification Requirements'!A27,,,,All,Pre-construction and construction,4.4.2 Registration for Infrastructure Sustainability Council of Australia (ISCA) must be undertaken at the System Definition Review Design Stage.,4.4.2 Registration for Infrastructure Sustainability Council of Australia (ISCA) must be undertaken at the System Definition Review Design Stage.,Schedule C1 Performance Specification (Ormeau Facility) - Section 4.4 Infrastructure Sustainability (IS) Rating,SCHED-C1,Addressed in the Sustainability Management Plan.,,,,D,4,Ongoing,,,,,,,,DanielBlunt@dtinfrastructure.com.au,Project Manager,Environmental and Sustainability Team,Not started,,Not assessed,,,False,True,False,False,,"Source cell range: 'Specification Requirements'!A27:L27
TP002 Project Stage: Pre and during construction
TP002 Responsibility: Project Manager / Environmental and Sustainability Team"
SPEC-023,Specification Requirements,28,'Specification Requirements'!A28,,,,All,Pre-construction and construction,"4.4.3 Regarding the IS Design rating, all design works must achieve a minimum ‘Excellent’ design rating and must be submitted for verification with the ISCA.","4.4.3 Regarding the IS Design rating, all design works must achieve a minimum ‘Excellent’ design rating and must be submitted for verification with the ISCA.",Schedule C1 Performance Specification (Ormeau Facility) - Section 4.4 Infrastructure Sustainability (IS) Rating,SCHED-C1,Addressed in the Sustainability Management Plan.,,,,D,4,Ongoing,,,,,,,,DanielBlunt@dtinfrastructure.com.au,Project Manager,Environmental and Sustainability Team,Not started,,Not assessed,,,False,True,False,False,,"Source cell range: 'Specification Requirements'!A28:L28
TP002 Project Stage: Pre and during construction
TP002 Responsibility: Project Manager / Environmental and Sustainability Team"
SPEC-024,Specification Requirements,29,'Specification Requirements'!A29,,,,All,Pre-construction and construction,4.4.4 The design rating must be formally submitted to ISCA for round 1 review prior to the completion of the Detailed Design Review Design Stage.,4.4.4 The design rating must be formally submitted to ISCA for round 1 review prior to the completion of the Detailed Design Review Design Stage.,Schedule C1 Performance Specification (Ormeau Facility) - Section 4.4 Infrastructure Sustainability (IS) Rating,SCHED-C1,Addressed in the Sustainability Management Plan.,,,,D,4,Ongoing,,,,,,,,DanielBlunt@dtinfrastructure.com.au,Project Manager,Environmental and Sustainability Team,Not started,,Not assessed,,,False,True,False,False,,"Source cell range: 'Specification Requirements'!A29:L29
TP002 Project Stage: Pre and during construction
TP002 Responsibility: Project Manager / Environmental and Sustainability Team"
SPEC-025,Specification Requirements,30,'Specification Requirements'!A30,,,,All,Pre-construction and construction,"4.4.5 Regarding the As Built v1.2 rating, an ‘As Built’ rating must be achieved within 6 months of the Test Readiness Review Design Stage and prior to completion of the System Verification Review Design Stage. All documentation that will assist the…","4.4.5 Regarding the As Built v1.2 rating, an ‘As Built’ rating must be achieved within 6 months of the Test Readiness Review Design Stage and prior to completion of the System Verification Review Design Stage. All documentation that will assist the Contractor to achieve an IS Rating must also be submitted to the State.",Schedule C1 Performance Specification (Ormeau Facility) - Section 4.4 Infrastructure Sustainability (IS) Rating,SCHED-C1,Addressed in the Sustainability Management Plan.,,,,D,4,Ongoing,,,,,,,,DanielBlunt@dtinfrastructure.com.au,Project Manager,Environmental and Sustainability Team,Not started,,Not assessed,,,False,True,False,False,,"Source cell range: 'Specification Requirements'!A30:L30
TP002 Project Stage: Pre and during construction
TP002 Responsibility: Project Manager / Environmental and Sustainability Team"
SPEC-026,Specification Requirements,31,'Specification Requirements'!A31,,,,All,Pre-construction and construction,4.11.1 The Contractor must obtain all Contractor Approvals required to facilitate the Ormeau Facility Works.,4.11.1 The Contractor must obtain all Contractor Approvals required to facilitate the Ormeau Facility Works.,Schedule C1 Performance Specification (Ormeau Facility) - Section 4.11 Site establishment and approvals,SCHED-C1,"Addressed Section 6.2 Legislation, Standards and Regulations of the CEMP.",,,,C,3,Ongoing,,,,,,,,DanielBlunt@dtinfrastructure.com.au,Project Manager,Environmental and Sustainability Team,Not started,,Not assessed,,,False,True,False,False,,"Source cell range: 'Specification Requirements'!A31:L31
TP002 Project Stage: Pre and during construction
TP002 Responsibility: Project Manager / Environmental and Sustainability Team"
SPEC-027,Specification Requirements,32,'Specification Requirements'!A32,,,,All,Pre-construction and construction,"4.11.2 The Contractor must: (a) provide, maintain and service, decommission and rehabilitate all temporary site facilities including offices, amenities and crib facilities at the Ormeau Facility Site required to deliver the Ormeau Facility Works; (b…","4.11.2 The Contractor must:
(a) provide, maintain and service, decommission and rehabilitate all temporary site facilities including offices, amenities and crib facilities at the Ormeau Facility Site required to deliver the Ormeau Facility Works;
(b) undertake and provide any mobilisation activities, temporary works and site establishment works to allow for the safe and efficient operation of the Ormeau Facility Works;
(c) secure the Ormeau Facility Site through necessary means to prevent unintended public access;
(d) install and maintain the temporary fencing and hoardings on the Ormeau Facility Site boundaries, road boundaries and at other locations as necessary to provide for safety and security in the performance of the Ormeau Facility Works and to prevent motorist distraction. The fences and hoardings must be erected prior to work commencing in the affected areas;
(e) construct any necessary temporary laydown, vehicle parking and equipment storage areas to support the Ormeau Facility Works;
(f) provide secure storage for safety equipment, construction, maintenance and repair plant and material as required to fulfil the obligations of the Project Deed, this specification, and the Technical Requirements;
(g) establish any on-site maintenance facilities and workshops as required to service and support the construction plant and equipment, including any fuel or oil storage compounds;
(h) maintain the Ormeau Facility Site and any other construction site in a clean and tidy manner throughout the Ormeau Facility Works. The extended storage of rubbish or loose items on the Ormeau Facility Works or elsewhere is not permitted; and
(i) locate site sheds at locations and positions that minimise the impact on Adjoining Land to the Ormeau Facility Site.",Schedule C1 Performance Specification (Ormeau Facility) - Section 4.11 Site establishment and approvals,SCHED-C1,Section 8 Construction Environmental Management Overview of the CEMP outlines the contents of each of the Environmental Management Programmes (Annexure C to Annexure M).,,,,D,4,Ongoing,,,,,,,,DanielBlunt@dtinfrastructure.com.au,Project Manager,Environmental and Sustainability Team,Not started,,Not assessed,,,False,True,False,False,,"Source cell range: 'Specification Requirements'!A32:L32
TP002 Project Stage: Pre and during construction
TP002 Responsibility: Project Manager / Environmental and Sustainability Team
Excel comment (C32, Allison Brunott): General requirement in specification - underlined items most relevant to environmental requirements."
SPEC-028,Specification Requirements,33,'Specification Requirements'!A33,,,,All,Pre-construction and construction,"Development − ensure that any environmental assessments, including sustainability or climate change risk assessments, as deemed necessary are fully completed prior to the commencement of the Works are undertaken − identify the key Environmental Stak…","Development
− ensure that any environmental assessments, including sustainability or climate change risk assessments, as deemed necessary are fully completed prior to the commencement of the Works are undertaken
− identify the key Environmental Stakeholder interests for the Works
− identify and progress obtaining environmental permits and approvals, where applicable
− review and document (where applicable) how the preliminary and detailed design has responded to commitments and legal or other obligations, in particular, those commitments that form conditions under any statutory approval and/or have been made publicly or to regulators",MD-13-320 (4.0) Environmental Planning and Management Framework - Section 2.1 Overview of the Environmental Planning and Management Framework,MD-13-320,"Addressed in EMP in the following sections:
- Section 8.2 Environmental Risk Management;
- Section 6 Standards and Legislation;
- Annexure B Approvals Matrix; and
- Section 8.4 Engineering and Design Management.

Stakeholder management is covered in the Stakeholder and Communication Management Plan.",,,,C,3,Ongoing,,,,,,,,DanielBlunt@dtinfrastructure.com.au,Project Manager,Environmental and Sustainability Team,Not started,,Not assessed,,,False,True,False,False,,"Source cell range: 'Specification Requirements'!A33:L33
TP002 Project Stage: Pre and during construction
TP002 Responsibility: Project Manager / Environmental and Sustainability Team"
SPEC-029,Specification Requirements,34,'Specification Requirements'!A34,,,,All,Pre-construction and construction,Implementation − ensure that a site/activity specific Works / Construction Environmental Management Plan (EMP) or equivalent is developed for the Works where deemed applicable − review the Works / Construction EMP to ensure that adequate management…,"Implementation
− ensure that a site/activity specific Works / Construction Environmental Management Plan (EMP) or equivalent is developed for the Works where deemed applicable
− review the Works / Construction EMP to ensure that adequate management strategies for all environmental risks, obligations and/or opportunities, including environmental efficiencies have been identified prior to commencement of Works
− ensure that all relevant environmental approvals are obtained prior to the commencement of site preparation and/or construction activities and any applicable updates to approvals and other obligations are documented throughout the Works
− ensure that environmental compliance inspections are carried out throughout the Works to monitor environmental performance (commensurate with Works risk)
− ensure the management and reporting of environmental incidents and/or non-compliances throughout the Works
− capture all relevant environmental data associated with the Works (if applicable).",MD-13-320 (4.0) Environmental Planning and Management Framework - Section 2.1 Overview of the Environmental Planning and Management Framework,MD-13-320,"Addressed in CEMP in the following sections:
- Section 8 Construction Environmental Management Overview;
- Section 6 Standards and Legislation;
- Section 11.1 Audit and Inspection; and
- Section 12 Performance Management, Reporting and Investigation.",,,,D,4,Ongoing,,,,,,,,DanielBlunt@dtinfrastructure.com.au,Project Manager,Environmental and Sustainability Team,Not started,,Not assessed,,,False,True,False,False,,"Source cell range: 'Specification Requirements'!A34:L34
TP002 Project Stage: Pre and during construction
TP002 Responsibility: Project Manager / Environmental and Sustainability Team"
SPEC-030,Specification Requirements,35,'Specification Requirements'!A35,,,,All,Construction,"The following guiding principles shall be considered when managing vegetation in order to realise safe, efficient and reliable rail and network operations: - Establish and maintain a risk based approach to vegetation management on the rail corridor.…","The following guiding principles shall be considered when managing vegetation in order to realise safe, efficient and reliable rail and network operations:
- Establish and maintain a risk based approach to vegetation management on the rail corridor.
- Minimise vegetation related interruptions to network availability, including energy supply.
- Adopt vegetation management practices which complement wildfire prevention strategies.
- Establish vegetation management practices which appropriately balance safety, reliability and costs, with community expectations and ecological values.
- Ensure maintenance of safe clearances between vegetation and electric traction infrastructure and other rail infrastructure.
- Ensure environmental issues including amenity, erosion, wildlife habitat and breeding places, weed spread and risk of wildfires are considered in vegetation management.
- Ensure all workers and contractors have the training, knowledge, skills and qualifications they need to undertake their work in a safe, effective, and environmentally responsible manner.
- Consider alternative options or techniques when proposing removal or pruning of vegetation whenever practicable.
- Comply with all relevant legislation, regulations, standards, codes and licences.",MD-15-3 (1.2) Vegetation Management Standard - Section 2.4 Vegetation management guiding principles,MD-15-3,Noted - relevant to rehabilitation / landscaping plan,,,,D,4,Ongoing,,,,,,,,DanielBlunt@dtinfrastructure.com.au,Environmental and Sustainability Team,,Not started,,Not assessed,,,False,True,False,False,,"Source cell range: 'Specification Requirements'!A35:L35
TP002 Project Stage: During construction"
SPEC-031,Specification Requirements,36,'Specification Requirements'!A36,,,,All,Pre-construction and construction,"The Biosecurity Act 2014 (Qld) establishes a General Biosecurity Obligation (GBO) on all persons who deals with a biosecurity matter (including invasive weeds). Under the GBO, Queensland Rail activities which pose a biosecurity risk must: 1) take al…","The Biosecurity Act 2014 (Qld) establishes a General Biosecurity Obligation (GBO) on all persons who deals with a biosecurity matter (including invasive weeds). Under the GBO, Queensland Rail activities which pose a biosecurity risk must:
1) take all reasonable and practical steps to prevent or minimise each biosecurity risk
2) minimise the likelihood of causing a biosecurity event, and limit the consequences if such an event is caused
3) prevent or minimise the harmful effects a risk could have, and not do anything that might make any harmful effects worse.
Queensland Rail will manage invasive weeds within its property boundaries, using appropriate methods including chemical, physical and/or mechanical methods.",MD-15-3 (1.2) Vegetation Management Standard - Section 2.11 Weed management,MD-15-3,Addressed in Annex E Biosecurity of the CEMP,,,,D,4,Ongoing,,,,,,,,DanielBlunt@dtinfrastructure.com.au,Project Manager,Environmental and Sustainability Team,Not started,,Not assessed,,,False,True,False,False,,"Source cell range: 'Specification Requirements'!A36:L36
TP002 Project Stage: Pre and during construction
TP002 Responsibility: Project Manager / Environmental and Sustainability Team"
SPEC-032,Specification Requirements,37,'Specification Requirements'!A37,,,,All,Construction,"Revegetation projects should utilise plants native to the local area where practical and cognisant of the end land use. Landscaping projects for beautification particularly around buildings or precincts, should also consider native species. Suitabil…","Revegetation projects should utilise plants native to the local area where practical and cognisant of the end land use.
Landscaping projects for beautification particularly around buildings or precincts, should also consider native species.
Suitability of plant species must consider a range of matters inclusive of vegetation height, form and habit; potential leaf/ branch/ seed/ flower drop hazards; watering requirements; and general maintenance requirements.
Fauna attraction should also be considered so as not to introduce an unnecessary environmental, safety or operational hazard.
A qualified or experienced horticulturalist, landscape architect and/or botanist/ecologist can assist with species selection and design.",MD-15-3 (1.2) Vegetation Management Standard - Section 2.12 Landscaping and revegetation,MD-15-3,Noted - relevant to rehabilitation / landscaping plan,,,,D,4,Ongoing,,,,,,,,DanielBlunt@dtinfrastructure.com.au,Environmental and Sustainability Team,,Not started,,Not assessed,,,False,True,False,False,,"Source cell range: 'Specification Requirements'!A37:L37
TP002 Project Stage: During construction"
LEG-001,Legislation,6,'Legislation'!A6,,,,,All stages,The project must report energy and greenhouse gas emissions in accordance with DTI-ZH-PR077.1 Sustainability Data Collection and Reporting Procedure,The project must report energy and greenhouse gas emissions in accordance with DTI-ZH-PR077.1 Sustainability Data Collection and Reporting Procedure,National Greenhouse and Energy Reporting Act 2007,,,,,,,5,Ongoing,,,,,,,,DanielBlunt@dtinfrastructure.com.au,Environmental and Sustainability Team,,Not started,,Not assessed,,,False,True,False,False,,Source cell range: 'Legislation'!A6:L6
LEG-002,Legislation,7,'Legislation'!A7,,,,,All stages,"Cultural heritage management plans have been prepared for DTMR to provide for the recognition, protection and conservation of aboriginal cultural heritage as well as providing provisions for duty of care, assessment and permits.","Cultural heritage management plans have been prepared for DTMR to provide for the recognition, protection and conservation of aboriginal cultural heritage as well as providing provisions for duty of care, assessment and permits.",Aboriginal Cultural Heritage Act 2003,,,,,,,5,Ongoing,,,,,,,,DanielBlunt@dtinfrastructure.com.au,Environmental and Sustainability Team,,Not started,,Not assessed,,,False,True,False,False,,Source cell range: 'Legislation'!A7:L7
LEG-003,Legislation,8,'Legislation'!A8,,,,,All stages,General Biosecurity Obligation (GBO) requires DT Infrastructure to take reasonable and practical steps to prevent or minimise biosecurity risks.,General Biosecurity Obligation (GBO) requires DT Infrastructure to take reasonable and practical steps to prevent or minimise biosecurity risks.,Biosecurity Act 2014,,,,,,,5,Ongoing,,,,,,,,DanielBlunt@dtinfrastructure.com.au,Environmental and Sustainability Team,,Not started,,Not assessed,,,False,True,False,False,,Source cell range: 'Legislation'!A8:L8
LEG-004,Legislation,9,'Legislation'!A9,,,,,All stages,"The project must be undertaken in accordance with the General Environmental Duty (GED): ""A person must not carry out any activity that causes, or is likely to cause, environmental harm unless that person takes all reasonable and practicable measures…","The project must be undertaken in accordance with the General Environmental Duty (GED): ""A person must not carry out any activity that causes, or is likely to cause, environmental harm unless that person takes all reasonable and practicable measures to minimise the harm"".",Environmental Protection Act 1994,,,,,,,5,Ongoing,,,,,,,,DanielBlunt@dtinfrastructure.com.au,Environmental and Sustainability Team,,Not started,,Not assessed,,,False,True,False,False,,Source cell range: 'Legislation'!A9:L9
LEG-005,Legislation,10,'Legislation'!A10,,,,,All stages,The project must be undertaken in accordance with the Duty to Notify: all site personnel have a duty to notify if they become aware of an incident that may have caused or threatens serious or material environmental harm.,The project must be undertaken in accordance with the Duty to Notify: all site personnel have a duty to notify if they become aware of an incident that may have caused or threatens serious or material environmental harm.,Environmental Protection Act 1994,,,,,,,5,Ongoing,,,,,,,,DanielBlunt@dtinfrastructure.com.au,Environmental and Sustainability Team,,Not started,,Not assessed,,,False,True,False,False,,Source cell range: 'Legislation'!A10:L10
LEG-006,Legislation,11,'Legislation'!A11,,,,,All stages,Soil disposal permit,Soil disposal permit,Environmental Protection Act 1994,,,,,,,5,Ongoing,,,,,,,,DanielBlunt@dtinfrastructure.com.au,Environmental and Sustainability Team,,Not started,,Not assessed,,,False,True,False,False,,Source cell range: 'Legislation'!A11:L11
LEG-007,Legislation,12,'Legislation'!A12,,,,,All stages,All works within waterways mapped under the Queensland waterways for waterway barrier works spatial data layer must: - Meet the What is not a waterway barrier work DAF factsheet; - Meet the Accepted development requirements for operational work that…,"All works within waterways mapped under the Queensland
waterways for waterway barrier works spatial data layer
must:
- Meet the What is not a waterway barrier work DAF factsheet;
- Meet the Accepted development requirements for operational work that is constructing or raising waterway barrier works; or
- Be carried out under a Development Approval for
operational work for constructing or raising waterway
barrier works.",Fisheries Act 1994,,,,,,,5,Ongoing,,,,,,,,DanielBlunt@dtinfrastructure.com.au,Environmental and Sustainability Team,,Not started,,Not assessed,,,False,True,False,False,,Source cell range: 'Legislation'!A12:L12
LEG-008,Legislation,13,'Legislation'!A13,,,,,All stages,"All works that involve removal, destruction, or damage of marine plants must: - Meet the Accepted development requirements for operational works that is the removal, destruction or damage of marine plants; or - Be carried out under a Development App…","All works that involve removal, destruction, or damage of marine plants must:
- Meet the Accepted development requirements for operational works that is the removal, destruction or damage of marine plants; or
- Be carried out under a Development Approval for operational work for removal, destruction, or damage of marine plants.",Fisheries Act 1994,,,,,,,5,Ongoing,,,,,,,,DanielBlunt@dtinfrastructure.com.au,Environmental and Sustainability Team,,Not started,,Not assessed,,,False,True,False,False,,Source cell range: 'Legislation'!A13:L13
LEG-009,Legislation,14,'Legislation'!A14,,,,,All stages,"All works carried out in, on, or above tidal land must: - Meet the Code for accepted development for tidal works, or work completely or partly in a coastal management district; or - Be carried out under a Development Approval for operational work fo…","All works carried out in, on, or above tidal land must:
- Meet the Code for accepted development for tidal works, or work completely or partly in a coastal management district; or
- Be carried out under a Development Approval for operational work for tidal work.",Coastal Protection and Management Regulation 2017,,,,,,,5,Ongoing,,,,,,,,DanielBlunt@dtinfrastructure.com.au,Environmental and Sustainability Team,,Not started,,Not assessed,,,False,True,False,False,,Source cell range: 'Legislation'!A14:L14
LEG-010,Legislation,15,'Legislation'!A15,,,,,All stages,Regulates impacts on plants and animals through the protected plants framework and species management program requirements. Compliance with generic TMR SMPs (based on Least Concern species),"Regulates impacts on plants and animals through the protected plants framework and species management program requirements.
Compliance with generic TMR SMPs (based on Least Concern species)","Nature Conservation Act 1992
Nature Conservation (Wildlife) Regulation 2006",,,,,,,5,Ongoing,,,,,,,,DanielBlunt@dtinfrastructure.com.au,Environmental and Sustainability Team,,Not started,,Not assessed,,,False,True,False,False,,"Source cell range: 'Legislation'!A15:L15
Excel comment (C15, Allison Brunott): Has ecological assessment identified potential breeding places (EVNT) requiring High Risk SMP"
LEG-011,Legislation,16,'Legislation'!A16,,,,,All stages,"Native title recognises the traditional rights and interests to land and waters of Aboriginal and Torres Strait Islander people. Under the Native Title Act 1993, native title claimants can make an application to the Federal Court to have their nativ…","Native title recognises the traditional rights and interests to land and waters of Aboriginal and Torres Strait Islander people. Under the Native Title Act 1993, native title claimants can make an application to the Federal Court to have their native title recognised by Australian law.
The Native Title Act 1993 must be complied with prior to the granting of the appropriate tenure, except on land where Native Title has been extinguished.",Native Title Act 1993,,,,,,,5,Ongoing,,,,,,,,DanielBlunt@dtinfrastructure.com.au,Environmental and Sustainability Team,,Not started,,Not assessed,,,False,True,False,False,,Source cell range: 'Legislation'!A16:L16
LEG-012,Legislation,17,'Legislation'!A17,,,,,All stages,Compliance with operational work permits and ERA approval.,Compliance with operational work permits and ERA approval.,"Planning Act 2016
Planning Regulation 2017",,,,,,,5,Ongoing,,,,,,,,DanielBlunt@dtinfrastructure.com.au,Environmental and Sustainability Team,,Not started,,Not assessed,,,False,True,False,False,,Source cell range: 'Legislation'!A17:L17
LEG-013,Legislation,18,'Legislation'!A18,,,,,All stages,Chief executive (TMR) may approve a compliance management plan,Chief executive (TMR) may approve a compliance management plan,Transport Infrastructure Act 1994,,,,,,,5,Ongoing,,,,,,,,DanielBlunt@dtinfrastructure.com.au,Environmental and Sustainability Team,,Not started,,Not assessed,,,False,True,False,False,,Source cell range: 'Legislation'!A18:L18
LEG-014,Legislation,19,'Legislation'!A19,,,,,All stages,"An exemption exists under Schedule 21, part 1, section 1, item 14(b) of the Planning Regulation 2017, which allows for the clearing of vegetation for constructing or maintaining infrastructure that is government-supported transport infrastructure.","An exemption exists under Schedule 21, part 1, section 1, item 14(b) of the Planning Regulation 2017, which allows for the clearing of vegetation for constructing or maintaining infrastructure that is government-supported transport infrastructure.",Vegetation Management Act 1999,,,,,,,5,Ongoing,,,,,,,,DanielBlunt@dtinfrastructure.com.au,Environmental and Sustainability Team,,Not started,,Not assessed,,,False,True,False,False,,Source cell range: 'Legislation'!A19:L19
LEG-015,Legislation,20,'Legislation'!A20,,,,,All stages,"Licencing and Riverine Protection Permit requirements where unmapped existing streams are determined to be Watercourses. Limits the taking or interfering with water, clearing riparian vegetation, and excavating or placing fill in waterbodies. All ex…","Licencing and Riverine Protection Permit requirements where unmapped existing streams are determined to be Watercourses.

Limits the taking or interfering with water, clearing riparian vegetation, and excavating or placing fill in waterbodies.

All excavation, placement of fill or destroying vegetation in a watercourse must:
- Comply with the Riverine protection permit exemption requirements; or
- Be carried out under a Riverine Protection Permit.",Water Act 2000,,,,,,,5,Ongoing,,,,,,,,DanielBlunt@dtinfrastructure.com.au,Environmental and Sustainability Team,,Not started,,Not assessed,,,False,True,False,False,,Source cell range: 'Legislation'!A20:L20
LEG-016,Legislation,21,'Legislation'!A21,,,,,All stages,EPBC Act - significant impact identified during works,EPBC Act - significant impact identified during works,EPBC Act - significant impact identified during works,,,,,,,5,Ongoing,,,,,,,,DanielBlunt@dtinfrastructure.com.au,Environmental and Sustainability Team,,Not started,,Not assessed,,,False,True,True,False,,Source cell range: 'Legislation'!A21:L21
